track_name,artist(s)_name,artist_count,released_day,released_month,released_year,in_spotify_playlists,in_spotify_charts,in_apple_playlists,in_apple_charts,in_deezer_playlists,in_deezer_charts,streams
Agudo Mï¿½ï¿½gi,"Styrx, utku INC, Thezth",3,1,1,1930,323,0,4,0,14,0,90598517
White Christmas,"Bing Crosby, John Scott Trotter & His Orchestra, Ken Darby Singers",3,1,1,1942,11940,0,73,79,123,0,395591396
The Christmas Song (Merry Christmas To You) - Remastered 1999,Nat King Cole,1,1,11,1946,11500,0,140,72,251,0,389771964
Let It Snow! Let It Snow! Let It Snow!,"Frank Sinatra, B. Swanson Quartet",2,1,1,1950,10585,0,126,108,406,0,473248298
A Holly Jolly Christmas - Single Version,Burl Ives,1,1,1,1952,7930,0,108,120,73,0,395591396
Jingle Bell Rock,Bobby Helms,1,1,1,1957,10326,0,165,99,104,0,741301563
Jingle Bells - Remastered 1999,Frank Sinatra,1,1,1,1957,4326,0,32,3,65,0,178660459
Rockin' Around The Christmas Tree,Brenda Lee,1,1,1,1958,14994,0,191,168,206,0,769213520
It's Beginning to Look a Lot Like Christmas (with Mitchell Ayres & His Orchestra),"Perry Como, The Fontane Sisters, Mitchell Ayres & His Orchestra",3,1,1,1958,6290,0,89,39,158,0,295998468
Run Rudolph Run - Single Version,Chuck Berry,1,1,1,1958,8612,0,120,30,52,0,245350949
Deck The Hall - Remastered 1999,Nat King Cole,1,1,1,1959,3299,0,65,39,41,0,127027715
Let It Snow! Let It Snow! Let It Snow!,Dean Martin,1,16,11,1959,6512,0,88,1,277,0,446390129
It's the Most Wonderful Time of the Year,Andy Williams,1,14,10,1963,8879,0,182,107,160,0,663832097
Sleigh Ride,The Ronettes,1,22,11,1963,10114,0,114,74,262,0,404664135
Christmas (Baby Please Come Home),Darlene Love,1,22,11,1963,9122,0,121,58,212,0,242767149
Have You Ever Seen The Rain?,Creedence Clearwater Revival,1,1,7,1968,15890,14,71,37,653,0,1145727611
Feliz Navidad,Josï¿½ï¿½ Felic,1,1,11,1970,3788,0,21,3,10,0,520034544
Love Grows (Where My Rosemary Goes),Edison Lighthouse,1,1,1,1970,2877,0,16,0,54,0,BPM110KeyAModeMajorDanceability53Valence75Energy69Acousticness7Instrumentalness0Liveness17Speechiness3
Happy Xmas (War Is Over),"John Lennon, The Harlem Community Choir, The Plastic Ono Band, Yoko Ono",4,1,12,1971,10829,0,130,1,390,0,460492795
Dream On,Aerosmith,1,5,1,1973,168,0,0,0,5,0,838586769
Riptide,Vance Joy,1,1,1,1975,31123,55,300,65,"1,003",1,2009094673
Bohemian Rhapsody - Remastered 2011,Queen,1,31,10,1975,40112,3,321,162,"5,691",8,2197010679
Wonderful Christmastime - Edited Version / Remastered 2011,Paul McCartney,1,16,11,1979,1685,0,1,0,29,0,403939487
Pass The Dutchie,Musical Youth,1,1,1,1982,5328,0,54,76,900,0,195918494
Miss You,Southstar,1,16,5,1982,2020,0,77,10,119,0,154356956
Every Breath You Take - Remastered 2003,The Police,1,6,1,1983,22439,19,211,74,929,0,1593270737
Take On Me,a-ha,1,19,10,1984,44927,17,34,0,"5,108",6,1479115056
Do They Know It's Christmas? - 1984 Version,Band Aid,1,25,11,1984,14169,0,209,30,449,0,481697415
Merry Christmas Everyone,Shakin' Stevens,1,1,1,1984,1087,0,90,35,5,0,351636786
Last Christmas,Wham!,1,1,1,1984,22153,0,274,111,"1,302",0,1159176109
Everybody Wants To Rule The World,Tears For Fears,1,17,2,1985,41751,25,101,32,"2,655",0,1205951614
Running Up That Hill (A Deal With God),Kate Bush,1,16,9,1985,21811,0,117,1,676,3,1024858327
Driving Home for Christmas - 2019 Remaster,Chris Rea,1,1,1,1986,888,0,50,0,6,0,429504768
Master of Puppets (Remastered),Metallica,1,3,3,1986,6080,0,112,198,406,1,704171068
Sweet Child O' Mine,Guns N' Roses,1,1,1,1987,41231,1,228,151,"6,720",3,1553497987
Something In The Way - Remastered 2021,Nirvana,1,24,9,1991,9514,0,45,27,"1,197",0,368646862
Smells Like Teen Spirit - Remastered 2021,Nirvana,1,10,9,1991,49991,9,265,121,"12,367",4,1690192927
Creep,Radiohead,1,21,9,1992,36724,7,146,72,"6,807",5,1271293243
All I Want for Christmas Is You,Mariah Carey,1,28,10,1994,25653,0,387,132,"2,094",0,1449779435
California Love - Original Version (Explicit),"Dr. Dre, 2Pac, Roger",3,28,12,1995,18773,0,128,17,"1,663",0,579395142
Gangsta's Paradise,"Coolio, L.V.",2,11,7,1995,10624,17,21,0,386,0,1357608774
Sigue,"Ed Sheeran, J Balvin",2,24,11,1996,1370,0,46,8,60,0,106933107
Cupid ï¿½ï¿½ï¿½ Twin Ver. (FIFTY FIFTY) ï¿½ï¿½ï¿½ Spe,sped up 8282,1,1,1,1997,472,2,0,0,6,0,103762518
Iris,The Goo Goo Dolls,1,31,3,1998,13101,9,137,5,582,0,1284942608
Yellow,Chris Molitor,1,1,1,1999,31358,43,196,2,"4,053",5,1755214421
Stan,"Eminem, Dido",2,21,11,1999,17115,0,83,63,"4,180",0,918915401
Still D.R.E.,"Dr. Dre, Snoop Dogg",2,1,1,1999,33966,0,141,78,"6,591",1,1210599487
The Next Episode,"Dr. Dre, Snoop Dogg",2,1,1,1999,31762,0,142,40,"5,451",1,843309044
Forgot About Dre,"Eminem, Dr. Dre",2,1,1,1999,19067,0,78,15,"1,674",0,675039469
My Only Wish (This Year),Britney Spears,1,7,11,2000,6952,0,115,53,286,0,261116938
Sparks,Coldplay,1,10,7,2000,10826,4,24,0,805,0,624101957
The Real Slim Shady,Eminem,1,1,1,2000,20763,27,81,53,"3,271",1,1424589568
In The End,Linkin Park,1,24,10,2000,25065,6,63,0,"6,808",2,1624165576
Superman,"Eminem, Dina Rae",2,26,5,2002,7615,14,18,51,"1,005",0,655466831
Without Me,Eminem,1,1,1,2002,21081,43,98,76,"3,889",5,1687664027
'Till I Collapse,"Eminem, Nate Dogg",2,26,5,2002,22923,0,78,46,"2,515",1,1695712020
In Da Club,50 Cent,1,1,1,2002,30427,7,235,106,"5,221",1,1202722675
The Scientist,Coldplay,1,5,8,2002,30992,6,124,25,"7,827",1,1608164312
Lose Yourself - Soundtrack Version,Eminem,1,1,1,2002,32502,21,247,54,"5,567",1,1829992958
Numb,Linkin Park,1,24,3,2003,20111,5,39,0,"7,341",0,1361425037
Mr. Brightside,The Killers,1,23,9,2003,51979,15,306,99,"5,063",2,1806617704
Mockingbird,Eminem,1,1,1,2004,12985,61,49,98,"2,394",5,1241559043
Yo Voy (feat. Daddy Yankee),Zion & Lennox,1,4,5,2004,2954,2,18,82,0,0,527033089
Gasolina,Daddy Yankee,1,13,7,2004,6457,18,98,95,453,0,657723613
Somewhere Only We Know,Keane,1,1,1,2004,20015,16,107,69,"5,239",0,1089402494
You Make It Feel Like Christmas (feat. Blake Shelton),"Gwen Stefani, Blake Shelton",2,20,9,2005,2577,0,108,56,30,0,180577478
505,Arctic Monkeys,1,20,4,2007,13985,25,30,80,588,1,1217120710
Viva La Vida,Coldplay,1,1,1,2008,33898,62,233,0,"4,095",9,1592909789
Heartless,Kanye West,1,1,1,2008,17504,34,63,39,"1,315",0,887906111
Talking To The Moon,Bruno Mars,1,4,10,2010,7109,2,5,0,862,0,1062956628
Sure Thing,Miguel,1,25,5,2010,13801,19,137,125,435,6,950906471
Enchanted,Taylor Swift,1,1,1,2010,4564,16,24,101,113,0,621660989
Rolling in the Deep,Adele,1,29,11,2010,35684,6,195,125,"6,280",2,1472799873
Just The Way You Are,Bruno Mars,1,1,1,2010,21106,13,82,0,"2,946",0,1641426668
Danza Kuduro,"Don Omar, Lucenzo",2,1,1,2010,17138,37,119,81,974,1,1279434863
Es un Secreto,Plan B,1,20,7,2010,492,36,4,3,19,0,540654286
Set Fire to the Rain,Adele,1,1,1,2011,14739,43,88,112,"2,163",5,1163620694
Somebody That I Used To Know,"Gotye, Kimbra",2,1,1,2011,42798,0,217,136,"6,508",1,1457139296
Radio,Lana Del Rey,1,1,1,2011,9389,46,24,122,282,3,284819874
We Found Love,"Rihanna, Calvin Harris",2,1,1,2011,36843,21,321,91,"4,607",1,1235005533
It's Beginning To Look A Lot Like Christmas,Michael Bublï¿,1,14,10,2011,12353,0,35,0,549,0,807561936
Mistletoe,Justin Bieber,1,1,1,2011,9577,0,195,111,310,0,629173063
Holly Jolly Christmas,Michael Bublï¿,1,14,10,2011,7655,0,5,0,291,0,476244795
Can't Hold Us (feat. Ray Dalton),"Ray Dalton, Ryan Lewis, Macklemore",3,16,8,2011,6074,52,201,44,"6,551",2,1953533826
Summertime Sadness,Lana Del Rey,1,1,1,2011,20333,52,89,143,"1,632",3,983637508
Bloody Mary,Lady Gaga,1,1,1,2011,3909,0,66,26,277,3,372476382
Sweater Weather,The Neighbourhood,1,14,5,2012,16413,61,166,87,"1,056",1,2282771485
Money Trees,"Kendrick Lamar, Jay Rock",2,1,1,2012,26792,32,69,113,695,0,1093605526
MONTAGEM - FR PUNK,"Ayparia, unxbected",2,20,6,2012,641,50,1,52,8,0,58054811
Demons,Imagine Dragons,1,1,1,2012,26694,13,65,82,"3,425",4,1840364617
Lost,Frank Ocean,1,1,1,2012,29499,11,124,27,587,0,822239726
When I Was Your Man,Bruno Mars,1,5,12,2012,2420,11,0,0,806,0,1661187319
Locked Out Of Heaven,Bruno Mars,1,5,12,2012,1622,9,0,0,356,0,1481349984
Another Love,Tom Odell,1,15,10,2012,18371,83,250,122,"3,394",19,1813673666
Payphone,"Maroon 5, Wiz Khalifa",2,1,1,2012,14143,4,56,38,"1,891",1,1479264469
Lover,Taylor Swift,1,1,1,2012,8448,23,160,110,163,0,882831184
Ginseng Strip 2002,Yung Lean,1,16,8,2013,4310,0,13,0,113,1,240769997
Santa Tell Me,Ariana Grande,1,13,12,2013,9408,0,231,106,439,0,834129063
Underneath the Tree,Kelly Clarkson,1,25,10,2013,6596,0,144,99,251,0,485285717
Get Lucky - Radio Edit,"Pharrell Williams, Nile Rodgers, Daft Punk",3,1,1,2013,52898,0,203,1,"8,215",0,933815613
Bound 2,Kanye West,1,1,1,2013,19806,7,33,11,274,0,703301727
Counting Stars,OneRepublic,1,1,1,2013,29215,43,179,97,"3,394",11,2011464183
I Wanna Be Yours,Arctic Monkeys,1,1,1,2013,12859,110,24,98,582,2,1297026226
All of Me,John Legend,1,1,8,2013,27221,0,308,118,"4,534",2,2086124197
Take Me To Church,Hozier,1,13,9,2013,23804,31,187,99,"4,623",1,2135158446
Do I Wanna Know?,Arctic Monkeys,1,1,1,2013,33783,26,133,92,"2,733",1,1788326445
Wake Me Up - Radio Edit,Avicii,1,1,1,2013,50887,34,315,160,"6,284",1,1970673297
Why'd You Only Call Me When You're High?,Arctic Monkeys,1,1,1,2013,23389,29,54,70,"1,089",2,1267333350
Thinking with My Dick,"Kevin Gates, Juicy J",2,16,7,2013,1550,0,0,0,14,0,109091573
After Dark,Mr.Kitty,1,8,8,2014,1776,14,1,9,3,0,646886885
No Role Modelz,J. Cole,1,9,12,2014,21164,36,80,65,476,0,1791000570
Lovers Rock,TV Girl,1,5,6,2014,6339,13,3,1,36,1,466231982
I'm Not The Only One,Sam Smith,1,1,1,2014,17492,3,136,24,"1,959",0,1606986953
Shake It Off,Taylor Swift,1,1,1,2014,21335,13,328,70,"1,378",9,1113838873
The Nights,Avicii,1,1,1,2014,17354,8,92,122,"1,282",0,1456081449
Only Love Can Hurt Like This,Paloma Faith,1,1,1,2014,5148,0,90,22,365,0,588955257
Blank Space,Taylor Swift,1,1,1,2014,11434,53,154,123,410,2,1355959075
Style,Taylor Swift,1,1,1,2014,7830,42,94,111,151,4,786181836
Thinking Out Loud,Ed Sheeran,1,1,1,2014,33032,0,363,129,"3,895",0,2280566092
I Love You So,The Walters,1,28,11,2014,7536,7,44,19,135,0,972164968
Night Changes,One Direction,1,17,11,2014,7124,18,60,20,2,0,1131090940
Photograph,Ed Sheeran,1,20,6,2014,18778,3,228,105,"2,453",0,2236667932
Atlantis,Seafret,1,22,4,2015,3045,6,43,53,134,1,571386359
The Night We Met,Lord Huron,1,2,2,2015,18515,35,70,82,939,1,1410088830
Love Yourself,Justin Bieber,1,9,11,2015,22730,5,289,87,"2,430",0,2123309722
Freaks,Surf Curse,1,10,5,2015,3006,3,23,21,121,0,824420218
Daddy Issues,The Neighbourhood,1,30,10,2015,9771,4,42,70,384,0,1127468248
Makeba,Jain,1,22,6,2015,6060,53,150,148,"2,703",22,165484133
Alien Blues,Vundabar,1,24,7,2015,1930,0,3,0,28,0,370068639
Wait a Minute!,Willow,1,11,1,2015,11985,0,79,80,250,3,924193303
Space Song,Beach House,1,1,1,2015,17852,4,69,76,335,0,789753877
Cool for the Summer,Demi Lovato,1,1,1,2015,9243,0,155,5,577,0,677389855
The Hills,The Weeknd,1,27,5,2015,25744,4,122,94,"1,992",0,1947371785
No Lie,"Sean Paul, Dua Lipa",2,18,11,2016,7370,0,92,127,"1,219",0,956865266
One Dance,"Drake, WizKid, Kyla",3,4,4,2016,43257,24,433,107,"3,631",0,2713922350
Selfish,PnB Rock,1,23,6,2016,2468,0,15,0,0,0,380319238
Say You Won't Let Go,James Arthur,1,9,9,2016,15722,16,231,37,"1,509",0,2420461338
House Of Memories,Panic! At The Disco,1,15,1,2016,2948,0,10,2,150,0,582863434
Closer,"The Chainsmokers, Halsey",2,31,5,2016,28032,0,315,159,"2,179",0,2591224264
Stargirl Interlude,"The Weeknd, Lana Del Rey",2,24,11,2016,1275,32,13,8,5,0,611700552
Starboy,"The Weeknd, Daft Punk",2,21,9,2016,29536,79,281,137,"2,445",1,2565529693
Unstoppable,Sia,1,21,1,2016,7681,13,119,66,"1,145",2,939844851
Die For You,The Weeknd,1,24,11,2016,2483,59,68,21,24,0,1647990401
Pink + White,Frank Ocean,1,20,8,2016,21574,30,112,68,266,1,806397070
There's Nothing Holdin' Me Back,Shawn Mendes,1,23,9,2016,12382,0,229,57,"1,370",2,1714490998
"Hey, Mickey!",Baby Tate,1,27,9,2016,482,0,9,1,12,4,122763672
Notion,The Rare Occasions,1,5,8,2016,2393,0,22,13,65,0,421135627
Me and Your Mama,Childish Gambino,1,10,11,2016,8775,0,33,60,107,1,445590495
Reminder,The Weeknd,1,25,11,2016,6518,17,45,85,238,1,684675814
Pope Is a Rockstar,SALES,1,20,4,2016,1966,0,4,2,50,0,156658366
"Sex, Drugs, Etc.",Beach Weather,1,4,11,2016,3006,16,47,60,87,12,480507035
Revenge,XXXTENTACION,1,25,8,2017,3600,11,7,0,203,0,1022258230
Good Looking,Suki Waterhouse,1,20,10,2017,2264,0,11,6,25,0,184706613
Dark Red,Steve Lacy,1,20,2,2017,10431,7,71,53,181,0,920045682
Hold Me Closer,"Elton John, Britney Spears",2,10,11,2017,4967,0,165,10,177,4,284216603
Donï¿½ï¿½ï¿½t Bl,Taylor Swift,1,8,11,2017,4875,23,19,45,0,0,685032533
Lucid Dreams,Juice WRLD,1,15,6,2017,14749,0,188,34,710,0,2288695111
Something Just Like This,"The Chainsmokers, Coldplay",2,22,2,2017,23375,21,336,188,"2,692",3,2204080728
Apocalypse,Cigarettes After Sex,1,21,3,2017,13091,17,61,96,790,2,841749534
One Kiss (with Dua Lipa),"Calvin Harris, Dua Lipa",2,2,6,2017,27705,10,537,122,"2,726",6,1897517891
Shape of You,Ed Sheeran,1,6,1,2017,32181,10,33,0,"6,808",7,3562543890
Merry Christmas,"Ed Sheeran, Elton John",2,10,11,2017,2209,0,72,90,141,0,135723538
lovely - Bonus Track,"Billie Eilish, Khalid",2,11,8,2017,15032,30,221,96,"1,078",2,2355719893
HUMBLE.,Kendrick Lamar,1,30,3,2017,33206,1,284,114,"1,481",0,1929770265
Infinity,Jaymes Young,1,23,6,2017,4375,0,24,0,396,0,888046992
Perfect,Ed Sheeran,1,1,1,2017,16596,13,7,0,"2,094",0,2559529074
Swim,Chase Atlantic,1,4,10,2017,2742,0,5,1,62,0,498960285
Believer,Imagine Dragons,1,31,1,2017,18986,23,250,121,"2,969",10,2594040133
Dandelions,Ruth B.,1,28,4,2017,3423,21,41,100,59,1,1116995633
Cold Heart - PNAU Remix,"Dua Lipa, Elton John, Pnau",3,10,11,2017,21097,52,384,135,"1,034",37,1605224506
Beggin,Mï¿½ï¿½ne,1,8,12,2017,8559,0,183,64,964,9,1367810478
Bored,Billie Eilish,1,30,3,2017,4204,0,39,45,250,0,777765388
See You Again,"Tyler, The Creator, Kali Uchis",3,21,7,2017,13387,64,77,58,247,1,1047101291
Snowman,Sia,1,1,1,2017,5140,0,85,110,500,0,690104769
we fell in love in october,girl in red,1,21,11,2018,6858,0,31,21,15,0,723043854
Shallow,"Lady Gaga, Bradley Cooper",2,27,9,2018,16636,12,368,155,"2,854",6,2159346687
Hope,XXXTENTACION,1,16,3,2018,3659,0,11,10,267,0,1200808494
Call Out My Name,The Weeknd,1,29,3,2018,11087,6,151,107,801,1,1449799467
I Was Never There,"The Weeknd, Gesaffelstein",2,29,3,2018,4188,15,30,70,142,0,705469769
Sunflower - Spider-Man: Into the Spider-Verse,"Post Malone, Swae Lee",2,9,10,2018,24094,78,372,117,843,4,2808096550
Someone You Loved,Lewis Capaldi,1,8,11,2018,17836,53,440,125,"1,800",0,2887241814
Softcore,The Neighbourhood,1,9,3,2018,3947,12,33,102,93,0,599770206
SLOW DANCING IN THE DARK,Joji,1,12,9,2018,10211,0,38,79,65,0,1122364376
Let Me Down Slowly,Alec Benjamin,1,25,5,2018,5897,19,0,0,885,0,1374581173
San Lucas,Kevin Kaarl,1,7,11,2019,407,1,5,0,5,0,244891912
Under The Influence,Chris Brown,1,4,10,2019,3859,26,133,181,3,0,929964809
Forever,Labrinth,1,4,10,2019,3618,0,21,86,138,0,282883169
Mount Everest,Labrinth,1,21,6,2019,5443,0,45,1,80,0,467727006
Mary On A Cross,Ghost,1,13,9,2019,2668,2,38,266,78,0,387080183
When I R.I.P.,Labrinth,1,4,10,2019,2578,0,8,67,66,0,203680270
Memories,Maroon 5,1,20,9,2019,9974,2,272,67,"1,066",1,1759567999
Falling,Harry Styles,1,13,12,2019,7556,0,124,24,254,0,1023187129
Heart To Heart,Mac DeMarco,1,10,5,2019,1640,0,27,27,29,1,244658767
Watermelon Sugar,Harry Styles,1,17,11,2019,21915,34,437,115,"1,212",12,2322580122
Formula,Labrinth,1,4,10,2019,3444,7,24,85,102,0,554875730
Tom's Diner,"AnnenMayKantereit, Giant Rooks",2,28,6,2019,2605,0,15,48,50,0,236872197
Lost in the Fire,"The Weeknd, Gesaffelstein",2,11,1,2019,7731,2,110,145,447,0,686734357
Those Eyes,New West,1,10,5,2019,1507,14,24,71,44,1,411747614
Still Don't Know My Name,Labrinth,1,4,10,2019,6332,0,47,116,266,0,563902868
Astronaut In The Ocean,Masked Wolf,1,1,1,2019,7191,0,146,18,478,0,1138474110
Callaita,"Bad Bunny, Tainy",2,31,5,2019,9539,15,162,116,355,7,1304313953
All Of The Girls You Loved Before,Taylor Swift,1,23,8,2019,1282,6,26,6,19,0,185240616
All For Us - from the HBO Original Series Euphoria,"Labrinth, Zendaya",2,4,8,2019,5342,0,33,123,7,0,426204830
Boy With Luv (feat. Halsey),"Halsey, BTS",2,12,4,2019,4260,0,113,92,259,0,1065580332
Streets,Doja Cat,1,7,11,2019,5728,0,85,87,179,0,865640097
Love Nwantiti - Remix,"Ckay, AX'EL, Dj Yo!",3,30,8,2019,2696,0,42,2,57,0,540539717
Don't Start Now,Dua Lipa,1,31,10,2019,27119,0,532,77,"1,535",3,2303033973
Before You Go,Lewis Capaldi,1,1,11,2019,8327,24,205,130,625,0,1608045237
Golden,Harry Styles,1,13,12,2019,8429,1,85,24,200,0,807015863
Car's Outside,James Arthur,1,18,10,2019,794,10,38,25,61,0,265882712
Blinding Lights,The Weeknd,1,29,11,2019,43899,69,672,199,"3,421",20,3703895074
NEW MAGIC WAND,"Tyler, The Creator",2,16,5,2019,4708,0,13,7,55,0,461437791
Seï¿½ï¿½o,"Shawn Mendes, Camila Cabello",2,19,6,2019,15010,2,453,50,"1,785",1,2484812918
love nwantiti (ah ah ah),Ckay,1,26,7,2019,5669,2,74,0,262,14,726837877
Dance Monkey,Tones and I,1,10,5,2019,24529,0,533,167,"3,595",6,2864791672
Adore You,Harry Styles,1,6,12,2019,13454,1,246,71,519,2,1439191367
Circles,Post Malone,1,30,8,2019,19664,16,391,73,633,3,2132335812
Cruel Summer,Taylor Swift,1,23,8,2019,7858,100,116,207,125,12,800840817
LA CANCIï¿½,"J Balvin, Bad Bunny",2,28,6,2019,6398,31,177,109,305,3,1435127549
Arcade,Duncan Laurence,1,7,3,2019,6646,0,107,47,584,1,991336132
Heather,Conan Gray,1,20,3,2020,6170,7,82,1,231,0,1301799902
Meet Me At Our Spot,"THE ANXIETY, Willow, Tyler Cole",3,13,3,2020,6734,0,47,14,90,0,530511203
I Really Want to Stay at Your House,"Rosa Walton, Hallie Coggins",2,18,12,2020,668,1,0,0,31,0,140430339
Heat Waves,Glass Animals,1,28,6,2020,22543,63,386,144,707,28,2557975762
Save Your Tears (with Ariana Grande) (Remix),"Ariana Grande, The Weeknd",2,20,3,2020,9161,5,240,98,468,3,1221813483
A Tu Merced,Bad Bunny,1,29,2,2020,4214,11,21,20,40,0,685071800
Mon Amour - Remix,"Aitana, zzoilo",2,21,9,2020,3221,2,67,13,139,0,578207856
HEARTBREAK ANNIVERSARY,Giveon,1,21,2,2020,5398,4,111,127,210,0,951637566
cardigan,Taylor Swift,1,24,7,2020,7923,29,106,112,142,4,812019557
Levitating (feat. DaBaby),"Dua Lipa, DaBaby",2,27,3,2020,15894,8,198,13,544,0,1802514301
Good Days,SZA,1,24,12,2020,10426,2,133,109,182,1,826623384
Bad Habits,Ed Sheeran,1,3,9,2020,12755,8,344,97,945,15,1555511105
Contection,"GODZZ__-, Zakaria",2,16,1,2020,6955,0,65,45,398,0,1180896317
positions,Ariana Grande,1,23,10,2020,8207,0,175,55,95,0,1252563873
MIDDLE OF THE NIGHT,Elley Duhï¿,1,10,1,2020,4057,8,78,21,240,1,872137015
Sky,Playboi Carti,1,25,12,2020,3297,3,25,3,52,0,506778838
La Santa,"Daddy Yankee, Bad Bunny",2,29,2,2020,4890,20,52,42,100,0,759208783
Caile,Luar La L,1,18,12,2020,1494,2,17,12,15,0,273914335
La Zona,Bad Bunny,1,29,2,2020,1188,0,13,1,15,0,312622938
Todo De Ti,Rauw Alejandro,1,2,11,2020,11975,8,188,75,268,6,1168642797
Levitating,Dua Lipa,1,27,3,2020,9833,0,233,82,531,1,797196073
The Business,Tiï¿½ï¿,1,1,1,2020,14311,0,255,32,582,0,1062345656
Excuses,"Intense, AP Dhillon, Gurinder Gill",3,24,7,2020,272,4,7,21,2,0,327498031
After Hours,The Weeknd,1,19,2,2020,8084,6,45,115,218,1,698086140
Life Goes On,Oliver Tree,1,17,7,2020,2868,0,43,15,116,0,501541661
Angels Like You,Miley Cyrus,1,27,11,2020,3372,19,65,48,138,1,570515054
Demasiadas Mujeres,C. Tangana,1,8,10,2020,2226,0,36,2,11,0,339473453
ýýýýýýýýýýýýýýýýýýýýý,Fujii Kaze,1,20,5,2020,685,14,24,94,9,0,403097450
Still With You,Jung Kook,1,5,6,2020,31,39,2,107,8,0,38411956
august,Taylor Swift,1,24,7,2020,7324,22,25,81,61,1,607123776
Save Your Tears,The Weeknd,1,20,3,2020,12688,13,197,115,112,0,1591223784
you broke me first,Tate McRae,1,17,4,2020,6638,0,167,19,318,0,1180094974
Shut up My Moms Calling,Hotel Ugly,1,10,2,2020,1788,14,1,50,19,0,405136812
Mood (feat. Iann Dior),"24kgoldn, Iann Dior",2,24,7,2020,12854,0,237,27,636,0,1699402402
Dakiti,"Bad Bunny, Jhay Cortez",2,30,10,2020,11215,21,189,166,525,9,1763363713
Dynamite,BTS,1,21,8,2020,8528,5,239,163,583,0,1692897992
MONTERO (Call Me By Your Name),Lil Nas X,1,18,9,2020,12329,0,275,19,738,0,1735441776
DANCE CRIP,Trueno,1,17,11,2021,731,0,14,14,24,0,198883004
ELEVEN,IVE,1,1,12,2021,521,1,17,89,11,0,247737946
Mujeriego,Ryan Castro,1,17,12,2021,1492,0,44,63,91,0,231996128
What Else Can I Do?,"Stephanie Beatriz, Diane Guerrero",2,19,11,2021,802,0,13,27,8,0,154797871
Surface Pressure,Jessica Darrow,1,19,11,2021,1756,0,38,48,20,0,267758538
Down Under (feat. Colin Hay),"Luude, Colin Hay",2,19,11,2021,3541,2,57,13,50,1,252871192
2055,Sleepy hallow,1,14,4,2021,2226,0,29,0,44,0,624515457
Tacones Rojos,Sebastian Yatra,1,22,10,2021,3047,9,77,31,85,5,510876816
THATS WHAT I WANT,Lil Nas X,1,17,9,2021,7963,0,173,7,298,0,920797189
Sobrio,Maluma,1,8,7,2021,3506,10,103,76,100,1,513643924
Enemy (with JID) - from the series Arcane League of Legends,"Imagine Dragons, League of Legends, JID, Arcane",4,3,9,2021,6180,7,122,88,580,21,1223481149
All Too Well (10 Minute Version) (Taylor's Version) (From The Vault),Taylor Swift,1,12,11,2021,4635,5,50,49,30,1,583687007
Malvadï¿½ï¿,"Xamï¿½ï¿½, Gustah, Neo B",3,30,11,2021,648,1,14,3,81,0,240684449
drivers license,Olivia Rodrigo,1,8,1,2021,12685,3,185,61,485,0,1858144199
Toxic,BoyWithUke,1,10,9,2021,1795,0,34,23,118,0,582981380
Get Into It (Yuh),Doja Cat,1,25,6,2021,4999,0,43,19,73,12,516784627
traitor,"Juan Cruz Toledo, Huilen Toledo",2,21,5,2021,5257,6,85,43,134,0,1230855859
Praise God,Kanye West,1,29,8,2021,4651,0,24,6,105,0,376333030
Moth To A Flame (with The Weeknd),"The Weeknd, Swedish House Mafia",2,22,10,2021,7495,17,114,172,284,2,611994237
Happier Than Ever,Billie Eilish,1,30,7,2021,8476,0,138,133,283,0,1056760045
OUT OUT (feat. Charli XCX & Saweetie),"Charli XCX, Jax Jones, Joel Corry, Saweetie",4,13,8,2021,6890,0,122,11,201,0,427486004
The Motto,"Tiï¿½ï¿½sto, Ava",2,4,11,2021,9151,6,240,107,268,0,656013912
Christmas Tree,V,1,24,12,2021,509,9,8,106,6,0,317622165
MONEY,Lisa,1,10,9,2021,2566,13,44,109,131,0,863625566
My Universe,"Coldplay, BTS",2,24,9,2021,6127,13,0,0,0,0,1061966512
Lo Siento BB:/ (with Bad Bunny & Julieta Venegas),"Julieta Venegas, Bad Bunny, Tainy",3,5,10,2021,3423,26,61,65,53,6,775542072
Oh My God,Adele,1,19,11,2021,4431,0,105,7,199,0,466214729
Hrs and Hrs,Muni Long,1,19,11,2021,1800,0,43,36,46,13,181328253
Problemï¿½,"Alvaro Diaz, Rauw Alejandro",2,22,10,2021,1517,0,42,7,15,0,209768491
One Right Now (with The Weeknd),"The Weeknd, Post Malone",2,5,11,2021,4771,0,68,18,75,0,539595276
Thunder,"Prezioso, Gabry Ponte, LUM!X",3,7,5,2021,4846,10,54,16,259,0,422691058
happier,Olivia Rodrigo,1,21,5,2021,3069,4,25,46,105,0,850608354
Ley Seca,"Anuel Aa, Jhay Cortez",2,2,9,2021,2012,0,101,12,38,0,355219175
Cigarettes,Juice WRLD,1,10,12,2021,975,0,11,0,10,0,185408548
You Right,"Doja Cat, The Weeknd",2,24,6,2021,5073,0,83,9,100,0,672656250
Se Le Ve,"Arcangel, De La Ghetto, Justin Quiles, Lenny Tavï¿½ï¿½rez, Sech, Dalex, Dimelo Flow, Rich Music",8,12,8,2021,1560,0,72,0,0,0,223319934
Volvï¿,"Aventura, Bad Bunny",2,3,8,2021,5375,10,138,24,133,0,673801126
I WANNA BE YOUR SLAVE,Mï¿½ï¿½ne,1,19,3,2021,4873,0,65,88,434,3,851070493
Butter,BTS,1,21,5,2021,4779,6,180,135,223,0,1143647827
Take My Breath,The Weeknd,1,6,8,2021,6392,0,174,73,344,0,432702334
Way 2 Sexy (with Future & Young Thug),"Drake, Future, Young Thug",3,3,9,2021,5481,0,144,30,86,0,489945871
ýýýabcdefu,Gayle,1,13,8,2021,7215,0,170,12,575,18,1007612429
RAPSTAR,Polo G,1,9,4,2021,4731,0,141,12,78,0,797402345
Sad Girlz Luv Money Remix (feat. Kali Uchis),"Kali Uchis, Amaarae, Moliy",3,16,9,2021,3643,0,69,3,70,0,354065229
Permission to Dance,BTS,1,9,7,2021,1801,2,77,134,74,0,608334048
Leave Before You Love Me (with Jonas Brothers),"Marshmello, Jonas Brothers",2,28,4,2021,4893,4,143,24,110,0,651732901
Cï¿½ï¿½,Rauw Alejandro,1,25,6,2021,2636,3,36,82,39,0,465959382
When Iï¿½ï¿½ï¿½m Gone (with Katy ,"Katy Perry, Alesso",2,29,12,2021,3270,0,89,21,65,0,226897599
Enemy - from the series Arcane League of Legends,"Imagine Dragons, League of Legends, Arcane",3,27,10,2021,824,0,8,8,8,2,1223481149
I Hate U,SZA,1,3,12,2021,4094,0,66,96,43,0,356709897
Better Days (NEIKED x Mae Muller x Polo G),"NEIKED, Mae Muller, Polo G",3,24,9,2021,4091,0,105,2,73,13,421040617
Nostï¿½ï¿½l,"Chris Brown, Rvssian, Rauw Alejandro",3,8,9,2021,2780,2,86,76,59,0,436695353
family ties (with Kendrick Lamar),"Kendrick Lamar, Baby Keem",2,27,8,2021,6308,5,114,15,63,0,560222750
Bar,"Tini, L-Gante",2,11,11,2021,755,4,22,3,0,0,200972675
Fair Trade (with Travis Scott),"Drake, Travis Scott",2,3,9,2021,5403,6,118,116,96,0,593917618
Vai Lï¿½ï¿½ Em Casa ,"Marï¿½ï¿½lia Mendonï¿½ï¿½a, George Henrique &",2,22,10,2021,772,0,7,3,89,0,263894529
"Tiago PZK: Bzrp Music Sessions, Vol. 48","Bizarrap, Tiago pzk",2,29,12,2021,1678,12,20,4,15,1,374191487
Smokin Out The Window,"Bruno Mars, Anderson .Paak, Silk Sonic",3,5,11,2021,4963,0,63,40,76,0,383550148
Desesperados,"Chencho Corleone, Rauw Alejandro",2,25,6,2021,6821,34,83,58,128,7,809306935
Quï¿½ï¿½ Mï¿½ï¿,"J Balvin, Maria Becerra",2,28,1,2021,8087,0,92,34,131,0,720825549
Peaches (feat. Daniel Caesar & Giveon),"Justin Bieber, Daniel Caesar, Giveon",3,19,3,2021,14140,0,231,52,612,6,1445941661
The Feels,TWICE,1,1,10,2021,1150,0,20,99,44,0,345903614
AM Remix,"J Balvin, Nio Garcia, Bad Bunny",3,24,6,2021,6556,0,93,5,67,1,528544703
Need To Know,Doja Cat,1,11,6,2021,6672,0,125,36,150,0,1042568408
deja vu,Olivia Rodrigo,1,1,4,2021,7545,4,117,39,141,0,1256880657
Do It To It,"Cherish, ACRAZE",2,20,8,2021,12403,0,183,63,465,0,674772936
I AM WOMAN,Emmy Meli,1,18,11,2021,2795,0,45,0,107,0,225259194
Kiss Me More (feat. SZA),"SZA, Doja Cat",2,9,4,2021,15867,0,382,65,497,0,1575467011
Happier Than Ever - Edit,Billie Eilish,1,28,7,2021,1959,0,19,0,38,0,412795151
Medallo,"Justin Quiles, Lenny Tavï¿½ï¿½rez, BL",3,27,10,2021,2780,2,54,21,57,1,393230256
INDUSTRY BABY (feat. Jack Harlow),"Jack Harlow, Lil Nas X",2,23,7,2021,13315,0,300,47,690,0,1814349763
good 4 u,Olivia Rodrigo,1,14,5,2021,15563,6,259,55,461,1,1887039593
Take My Breath,The Weeknd,1,6,8,2021,2597,0,17,80,38,0,130655803
It'll Be Okay,Shawn Mendes,1,1,12,2021,1950,0,56,8,104,0,287201015
Envolver,Anitta,1,11,11,2021,4673,2,123,113,180,1,546191065
Acapulco,Jason Derulo,1,1,9,2021,3098,0,111,5,182,1,363467642
Yonaguni,Bad Bunny,1,4,6,2021,9644,28,120,86,164,4,1260594497
Dos Oruguitas,Sebastian Yatra,1,19,11,2021,925,0,24,47,74,0,167076418
Where Are You Now,"Lost Frequencies, Calum Scott",2,30,7,2021,10565,44,238,122,557,17,972509632
TO THE MOON,Jnr Choi,1,5,11,2021,2979,0,44,0,159,0,245095641
The Family Madrigal,"Olga Merediz, Stephanie Beatriz, Encanto - Cast",3,19,11,2021,1150,0,20,38,12,0,184937148
Sï¿½ï¿½,"Anuel Aa, Myke Towers, Jhay Cortez",3,18,11,2021,903,0,30,26,15,0,177129919
Miï¿½ï¿½n,"Tini, Maria Becerra",2,29,4,2021,3406,16,61,23,70,1,596152090
Esqueï¿½ï¿½a-Me Se For C,"Marï¿½ï¿½lia Mendonï¿½ï¿½a, Maiara &",2,14,10,2021,580,0,24,92,93,0,258316038
LA FAMA (with The Weeknd),"The Weeknd, ROSALï¿½",2,11,11,2021,4640,3,81,93,507,6,374706940
Every Summertime,NIKI,1,10,8,2021,1211,2,30,2,5,0,290228626
Don't Be Shy,"Tiï¿½ï¿½sto, Kar",2,1,8,2021,6026,0,171,51,187,1,566954746
Knife Talk (with 21 Savage ft. Project Pat),"Drake, Project Pat, 21 Savage",3,3,9,2021,5199,0,45,43,45,0,594482982
Leave The Door Open,"Bruno Mars, Anderson .Paak, Silk Sonic",3,5,3,2021,14417,0,237,123,569,0,1115880852
Volando - Remix,"Sech, Bad Bunny, Mora",3,8,7,2021,3272,19,101,34,70,1,610045621
Pepas,Farruko,1,24,6,2021,14114,17,252,109,965,20,1309887447
Salimo de Noche,"Trueno, Tiago pzk",2,21,10,2021,1057,0,17,5,21,0,261414174
We Don't Talk About Bruno,"Adassa, Mauro Castillo, Stephanie Beatriz, Encanto - Cast, Rhenzy Feliz, Diane Guerrero, Carolina Gaitan",7,19,11,2021,2785,0,95,89,44,0,432719968
Super Gremlin,Kodak Black,1,30,10,2021,2551,0,52,15,35,0,342779426
Woman,Doja Cat,1,25,6,2021,9424,0,202,50,463,4,1329090101
Friday (feat. Mufasa & Hypeman) - Dopamine Re-Edit,"Riton, Nightcrawlers, Mufasa & Hypeman, Dopamine",4,15,1,2021,12043,0,209,54,710,0,863756573
favorite crime,Olivia Rodrigo,1,21,5,2021,3681,0,20,21,99,0,783706581
Por las Noches,Peso Pluma,1,11,6,2021,457,24,8,116,4,3,330346424
The Color Violet,Tory Lanez,1,10,12,2021,2585,32,3,79,21,1,415932686
Ghost,Justin Bieber,1,19,3,2021,5866,24,107,38,95,0,1167330737
Shivers,Ed Sheeran,1,9,9,2021,10147,30,234,71,543,18,1302184087
Bones,Imagine Dragons,1,11,3,2021,4198,44,98,108,327,17,838079900
Monï¿½ï¿½y so,YEAT,1,10,9,2021,1473,0,2,0,12,0,263779030
"jealousy, jealousy",Olivia Rodrigo,1,21,5,2021,3257,0,10,0,70,0,665765558
this is what falling in love feels like,JVKE,1,3,9,2021,2005,0,16,5,43,0,346127840
Easy On Me,Adele,1,14,10,2021,10195,20,258,87,657,22,1406111294
METAMORPHOSIS,INTERWORLD,1,25,11,2021,1561,24,18,78,24,0,357580552
SloMo,Chanel,1,24,12,2021,1211,0,31,0,19,0,65719930
Ain't Shit,Doja Cat,1,25,6,2021,3436,0,32,6,46,0,499710590
Sunroof,"Nicky Youre, Dazy",2,3,12,2021,3741,17,156,35,110,19,652704649
Peru,"Ed Sheeran, Fireboy DML",2,23,12,2021,2999,0,60,17,154,0,261286503
Jordan,Ryan Castro,1,30,4,2021,2844,2,29,2,35,1,394030335
STAY (with Justin Bieber),"Justin Bieber, The Kid Laroi",2,9,7,2021,17050,36,492,99,798,31,2665343922
La Bebe,Yng Lvcas,1,24,12,2021,489,17,4,11,5,1,191945597
Angel Baby,Troye Sivan,1,9,9,2021,1959,9,52,25,32,0,408843328
295,Sidhu Moose Wala,1,15,5,2021,246,4,4,106,0,0,183273246
Flowers,Lauren Spencer Smith,1,9,8,2021,801,0,42,9,24,1,184826429
Until I Found You,Stephen Sanchez,1,1,9,2021,4427,4,69,100,154,20,726434358
You Belong With Me (Taylorï¿½ï¿½ï¿½s Ve,Taylor Swift,1,9,4,2021,2619,12,47,90,1,0,350381515
Massive,Drake,1,17,6,2022,5263,0,66,89,61,0,195628667
Betty (Get Money),Yung Gravy,1,10,6,2022,2402,0,45,2,26,0,221752937
Ojos Marrones,Lasso,1,6,2,2022,795,11,26,18,15,1,263280370
ULTRA SOLO REMIX,"De La Ghetto, Feid, Polima WestCoast, Paloma Mami, Pailita",5,16,6,2022,2341,0,37,2,38,2,279717388
Starlight,Dave,1,3,3,2022,1856,3,29,40,31,1,229473310
Layla,"Schï¿½ï¿½rze, DJ R",2,24,3,2022,832,3,18,124,24,1,130419412
BREAK MY SOUL,Beyoncï¿,1,21,6,2022,9724,0,222,61,259,14,354614964
Last Last,Burna Boy,1,12,5,2022,4526,12,156,275,150,3,293466523
SNAP,Rosa Linn,1,19,3,2022,1818,0,3,0,63,0,711366595
Sticky,Drake,1,17,6,2022,2814,0,38,105,25,0,191448892
Hot Shit (feat. Ye & Lil Durk),"Kanye West, Lil Durk, Cardi B",3,1,7,2022,1601,0,11,0,2,0,85924992
Ai Preto,"L7nnon, DJ Biel do Furduncinho, Bianca",3,3,6,2022,894,4,28,0,54,0,176103902
La Loto,"Anitta, Tini, Becky G",3,6,7,2022,945,0,49,3,57,0,121189256
die first,Nessa Barrett,1,24,6,2022,767,0,25,0,22,0,131746175
Afraid To Feel,LF System,1,2,5,2022,5898,5,129,55,128,0,244790012
Baile no Morro,"Mc Vitin Da Igrejinha, MC Tairon, DJ Win",3,10,6,2022,685,2,17,0,24,0,129314708
cï¿½ï¿½mo dormi,Rels B,1,4,8,2022,1452,35,16,15,20,0,331511413
POP!,Nayeon,1,24,6,2022,571,0,19,21,14,0,213505179
MORE,j-hope,1,1,7,2022,565,0,6,52,11,0,155795783
Boyfriends,Harry Styles,1,20,5,2022,1517,0,26,2,30,0,137070925
Tak Ingin Usai,Keisya Levronka,1,13,5,2022,220,4,16,5,0,0,184807630
The Rumbling (TV Size),SiM,1,10,1,2022,254,0,0,4,23,0,71014967
For Youth,BTS,1,10,6,2022,327,0,5,40,12,0,114546317
Daylight,Harry Styles,1,20,5,2022,2775,0,21,11,40,0,290833204
Vegas (From the Original Motion Picture Soundtrack ELVIS),Doja Cat,1,6,5,2022,4576,0,79,13,93,0,448500832
Cash In Cash Out,"Pharrell Williams, Tyler, The Creator, 21 Savage",4,10,6,2022,2313,0,34,0,29,0,136676504
Potion (with Dua Lipa & Young Thug),"Calvin Harris, Dua Lipa, Young Thug",3,27,5,2022,3983,0,73,45,119,0,190625045
Born Singer,BTS,1,10,6,2022,279,0,0,18,6,0,79095270
Little Freak,Harry Styles,1,20,5,2022,2302,0,20,3,39,0,273194684
La Llevo Al Cielo (Ft. ï¿½ï¿½engo F,"Nengo Flow, Anuel Aa, Chris Jedi, Chencho Corleone",4,20,5,2022,3559,3,36,1,31,0,333146475
True Love,"Kanye West, XXXTENTACION",2,27,5,2022,2129,0,23,1,44,1,194902696
Satellite,Harry Styles,1,20,5,2022,3291,5,43,28,79,0,311482393
"Villano Antillano: Bzrp Music Sessions, Vol. 51","Bizarrap, Villano Antillano",2,8,6,2022,1401,0,26,16,17,0,248511839
Love Of My Life,Harry Styles,1,20,5,2022,1933,0,13,2,31,0,233671263
Grapejuice,Harry Styles,1,20,5,2022,1986,0,7,1,15,0,199587884
So Good,Halsey,1,9,6,2022,1057,0,51,14,19,0,91781263
Belly Dancer,"BYOR, Imanbek",2,18,2,2022,5115,13,109,38,301,1,383835984
Keep Driving,Harry Styles,1,20,5,2022,2094,1,8,1,18,0,236060709
Cinema,Harry Styles,1,20,5,2022,2171,0,18,1,28,0,189236868
Die Young (feat. 347aidan),"Sleepy hallow, 347aidan",2,25,5,2022,896,0,19,0,15,0,160845341
Hold My Hand,Lady Gaga,1,3,5,2022,2528,0,63,8,270,2,238350348
Daydreaming,Harry Styles,1,20,5,2022,1900,1,15,1,23,0,187703102
Numb,"Marshmello, Khalid",2,10,6,2022,3879,2,107,76,86,1,295307001
Nos Comemos (feat. Ozuna),"Ozuna, Tiago pzk",2,2,6,2022,896,0,0,0,2,0,138334433
Crazy What Love Can Do,"David Guetta, Ella Henderson, Becky Hill",3,18,3,2022,5290,0,139,73,142,0,286739476
Antes de Perderte,Duki,1,2,6,2022,584,8,12,1,8,0,157136970
En El Radio Un Cochinero,Victor Cibrian,1,13,5,2022,514,0,5,36,1,0,164856284
Bad Decisions (with BTS & Snoop Dogg),"Snoop Dogg, BTS, Benny Blanco",3,5,8,2022,1456,0,53,2,33,0,219196651
Attention,NewJeans,1,1,8,2022,799,12,14,141,9,0,264717480
Si Te La Encuentras Por Ahï¿,Feid,1,5,8,2022,1379,4,23,10,18,0,179061440
Celestial,Ed Sheeran,1,29,9,2022,1639,0,86,14,80,0,176474912
Typa Girl,BLACKPINK,1,16,9,2022,452,10,2,129,13,0,235549288
California Breeze,Lil Baby,1,14,10,2022,991,0,36,38,13,0,85559365
Bamba (feat. Aitch & BIA),"Luciano, Aitch, Bï¿½",3,22,9,2022,869,7,14,12,12,2,146223492
Casei Com a Putaria,"MC Ryan SP, Love Funk, Mc Paiva ZS",3,1,7,2022,648,4,0,0,30,0,187701588
Major Distribution,"Drake, 21 Savage",2,4,11,2022,1545,0,22,7,15,0,154863153
Pussy & Millions (feat. Travis Scott),"Drake, Travis Scott, 21 Savage",3,4,11,2022,1930,0,24,8,17,0,191333656
Vigilante Shit,Taylor Swift,1,21,10,2022,1948,0,12,9,16,0,253650850
Question...?,Taylor Swift,1,21,10,2022,1608,0,10,3,12,0,223064273
On BS,"Drake, 21 Savage",2,4,11,2022,1338,0,9,20,7,0,170413877
Mastermind,Taylor Swift,1,21,10,2022,1936,0,7,5,13,0,218320587
Circo Loco,"Drake, 21 Savage",2,4,11,2022,1794,0,26,9,17,0,141720999
Labyrinth,Taylor Swift,1,21,10,2022,1597,0,6,3,15,0,187339835
Spin Bout U,"Drake, 21 Savage",2,4,11,2022,1652,2,26,52,10,0,198365537
Sweet Nothing,Taylor Swift,1,21,10,2022,1747,0,9,6,13,0,186104310
"Would've, Could've, Should've",Taylor Swift,1,21,10,2022,1715,0,4,5,8,0,177503916
Con La Brisa,"Ludwig Goransson, Foudeqush",2,4,11,2022,486,0,8,1,7,0,71095708
Privileged Rappers,"Drake, 21 Savage",2,4,11,2022,1007,0,6,5,3,0,112436403
The Astronaut,Jin,1,28,10,2022,481,9,10,100,15,1,203436468
BackOutsideBoyz,Drake,1,4,11,2022,1045,0,8,5,2,0,93367537
Broke Boys,"Drake, 21 Savage",2,4,11,2022,1060,0,3,8,5,0,106249219
The Great War,Taylor Swift,1,21,10,2022,1274,0,1,6,11,0,181382590
My Mind & Me,Selena Gomez,1,3,11,2022,953,0,61,13,37,1,91473363
Bigger Than The Whole Sky,Taylor Swift,1,21,10,2022,1180,0,4,0,8,0,121871870
A Veces (feat. Feid),"Feid, Paulo Londra",2,3,11,2022,573,0,2,0,7,0,73513683
2 Be Loved (Am I Ready),Lizzo,1,14,7,2022,3682,6,41,0,158,2,247689123
Nxde,(G)I-DLE,1,17,10,2022,430,6,14,116,9,0,170709584
BABY OTAKU,"Fran C, Polima WestCoast, Nickoog Clk, Pablito Pesadilla",4,18,8,2022,836,0,14,1,13,0,159240673
Bye Bye,"Marshmello, Juice WRLD",2,14,10,2022,766,0,16,0,9,0,84697729
GIVENCHY,Duki,1,20,7,2022,625,4,13,18,12,0,185236961
ALIEN SUPERSTAR,Beyoncï¿,1,29,7,2022,2688,0,39,47,36,0,171788484
Matilda,Harry Styles,1,20,5,2022,3218,3,29,10,79,0,366214458
THE SHADE,Rex Orange County,1,11,3,2022,1189,6,17,10,16,0,244928911
"Come Back Home - From ""Purple Hearts""",Sofia Carson,1,12,7,2022,367,0,28,67,195,0,97610446
El Rescate,"Grupo Marca Registrada, Junior H",2,22,7,2022,527,4,10,43,3,1,287278853
"Stay With Me (with Justin Timberlake, Halsey, & Pharrell)","Calvin Harris, Halsey, Pharrell Williams, Justin Timberlake",4,15,7,2022,3113,0,54,6,124,1,123473120
Siempre Pendientes,"Peso Pluma, Luis R Conriquez",2,15,8,2022,685,5,15,79,4,2,295152154
JGL,"Luis R Conriquez, La Adictiva",2,18,2,2022,782,9,15,33,6,1,323455692
Don't You Worry,"David Guetta, Shakira, Black Eyed Peas",3,16,6,2022,2442,0,81,4,248,1,240918092
Pipoco,"Melody, Ana Castela, Dj Chris No Beat",3,20,5,2022,1112,4,22,2,65,1,191873381
Forget Me,Lewis Capaldi,1,9,9,2022,2520,4,93,95,84,9,239411309
STAYING ALIVE (feat. Drake & Lil Baby),"Drake, DJ Khaled, Lil Baby",3,5,8,2022,2107,0,51,1,50,0,170732845
After LIKE,IVE,1,22,8,2022,767,12,20,129,11,0,265548837
Talk that Talk,TWICE,1,26,8,2022,615,0,14,77,15,1,189476119
BILLIE EILISH.,Armani White,1,20,1,2022,2537,0,49,1,67,11,277132266
Ferxxo 100,Feid,1,3,6,2022,1647,30,20,49,23,2,278920007
KU LO SA - A COLORS SHOW,Oxlade,1,10,6,2022,2019,8,117,72,107,1,222410722
Prohibidox,Feid,1,13,9,2022,1473,12,25,36,25,1,185392587
Static,Steve Lacy,1,15,7,2022,1613,0,21,15,13,0,202452860
Talk,YEAT,1,2,9,2022,920,0,10,1,8,0,148461629
XQ Te Pones Asï¿,"Yandel, Feid",2,13,9,2022,308,0,6,1,6,0,47093942
Sin Seï¿½ï,"Ovy On The Drums, Quevedo",2,22,7,2022,1097,2,18,10,13,1,209106362
Lady Mi Amor,Feid,1,13,9,2022,330,0,3,0,2,0,53987404
Poland,Lil Yachty,1,23,6,2022,1584,0,38,0,24,0,115331792
THE LONELIEST,Mï¿½ï¿½ne,1,7,10,2022,1585,5,78,65,328,1,225093344
B.O.T.A. (Baddest Of Them All) - Edit,"Interplanetary Criminal, Eliza Rose",2,15,6,2022,5153,6,102,53,113,12,244585109
Music For a Sushi Restaurant,Harry Styles,1,20,5,2022,4449,1,80,11,66,0,334733572
SPACE MAN,Sam Ryder,1,22,2,2022,1329,0,42,51,32,0,54682594
Blessed-Cursed,ENHYPEN,1,10,1,2022,246,0,2,12,10,0,77337771
psychofreak (feat. WILLOW),"Camila Cabello, Willow",2,7,4,2022,918,0,24,0,52,0,75476209
Vampiro,"Matuï¿½ï¿½, Wiu, ",3,30,1,2022,540,4,26,3,39,0,187772591
Si Quieren Frontear,"De La Ghetto, Duki, Quevedo",3,31,3,2022,859,0,14,0,11,0,178512385
Right On,Lil Baby,1,8,4,2022,1116,0,31,9,15,0,101780047
Me Arrepentï¿,"Ak4:20, Cris Mj, Pailita",3,30,3,2022,273,2,12,2,4,0,118381354
That's Hilarious,Charlie Puth,1,8,4,2022,686,2,11,6,12,0,146363130
Soy El Unico,Yahritza Y Su Esencia,1,25,3,2022,226,0,5,0,4,0,126443991
sentaDONA (Remix) s2,"Luï¿½ï¿½sa Sonza, MC Frog, Dj Gabriel do Borel, Davi K",4,17,3,2022,870,0,32,0,49,0,176290831
Fim de Semana no Rio,teto,1,30,3,2022,315,2,27,2,31,0,139193812
MANIAC,Stray Kids,1,18,3,2022,651,0,6,188,20,0,212234990
"Cayï¿½ï¿½ La Noche (feat. Cruz Cafunï¿½ï¿½, Abhir Hathi, Bejo, EL IMA)","Quevedo, La Pantera, Juseph, Cruz Cafunï¿½ï¿½, Bï¿½ï¿½jo, Abhir Hathi",7,14,1,2022,1034,1,19,5,12,0,245400167
Chance,Paulo Londra,1,6,4,2022,225,0,11,0,7,0,89566512
IDGAF (with blackbear),"Blackbear, BoyWithUke",2,18,3,2022,625,0,10,2,13,0,197643795
Still Life,BIGBANG,1,5,4,2022,181,0,16,14,7,0,53909146
N95,Kendrick Lamar,1,13,5,2022,5542,0,52,16,65,0,301242089
About Damn Time,Lizzo,1,14,4,2022,9021,0,242,49,272,21,723894473
Die Hard,"Kendrick Lamar, Blxst, Amanda Reifer",3,13,5,2022,4627,0,38,13,32,0,237351106
Despuï¿½ï¿½s de la P,Bad Bunny,1,6,5,2022,2229,0,27,44,24,0,461558540
Un Ratito,Bad Bunny,1,6,5,2022,1112,6,7,30,13,1,417230415
United In Grief,Kendrick Lamar,1,13,5,2022,2575,0,4,5,12,0,156898322
Father Time (feat. Sampha),"Kendrick Lamar, Sampha",2,13,5,2022,3107,0,4,0,22,0,127309180
she's all i wanna be,Tate McRae,1,4,2,2022,2711,0,105,12,51,0,343197054
Yo No Soy Celoso,Bad Bunny,1,6,5,2022,1179,0,7,21,11,0,313113297
Rich Spirit,Kendrick Lamar,1,13,5,2022,3486,0,20,10,33,0,173702135
"Nobody Like U - From ""Turning Red""","Jordan Fisher, Josh Levi, Finneas O'Connell, 4*TOWN (From Disney and Pixarï¿½ï¿½ï¿½s Turning Red), Topher Ngo, Grayson Vill",6,25,2,2022,918,0,34,39,30,0,120847157
Numb Little Bug,Em Beihold,1,28,1,2022,2026,0,47,3,42,12,258714692
212,"Mainstreet, Chefin",2,15,1,2022,352,0,10,0,39,0,143139338
Pantysito,"Feid, Alejo, Robi",3,18,3,2022,2995,0,49,17,30,0,273005485
"I'm Tired - From ""Euphoria"" An Original HBO Series",Labrinth,1,4,2,2022,1888,0,26,1,58,0,121913181
Una Noche en Medellï¿½,Cris Mj,1,21,1,2022,5415,32,46,16,53,1,682475162
Bam Bam (feat. Ed Sheeran),"Camila Cabello, Ed Sheeran",2,4,3,2022,6111,4,185,40,492,9,756907987
DANï¿½ï¿½A,"Mc Pedrinho, Pedro Sampaio",2,1,2,2022,911,2,45,0,99,1,208166039
Sweetest Pie,"Dua Lipa, Megan Thee Stallion",2,11,3,2022,3501,0,69,2,51,11,299634472
"Residente: Bzrp Music Sessions, Vol. 49","Residente, Bizarrap",2,3,3,2022,461,0,7,11,13,0,94616487
Nail Tech,Jack Harlow,1,18,2,2022,2939,0,42,0,24,0,193443895
Chale,Eden Muï¿½ï,1,18,2,2022,695,11,16,41,13,1,299648208
DARARI,Treasure,1,15,2,2022,328,0,10,21,7,0,182978249
Ya No Somos Ni Seremos,Christian Nodal,1,18,2,2022,866,16,27,84,32,7,319757142
Freaky Deaky,"Tyga, Doja Cat",2,25,2,2022,1729,0,26,1,19,0,153240879
Gospel (with Eminem),"Eminem, Dr. Dre",2,4,2,2022,1040,0,8,0,29,0,64787943
Do We Have A Problem?,"Nicki Minaj, Lil Baby",2,4,2,2022,1064,0,42,1,26,0,81350745
O.O,NMIXX,1,22,2,2022,290,0,9,66,10,0,135444283
Mal Feito - Ao Vivo,"Marï¿½ï¿½lia Mendonï¿½ï¿½a, Hugo & G",2,14,1,2022,971,2,35,104,93,1,291709698
First Class,Jack Harlow,1,8,4,2022,8737,0,163,32,137,15,694525298
Plan A,Paulo Londra,1,23,3,2022,1105,0,32,0,19,0,240661097
Fuera del mercado,Danny Ocean,1,17,2,2022,2499,21,68,24,43,1,421365166
X ï¿½ï¿½LTIMA,"Daddy Yankee, Bad Bunny",2,25,3,2022,2697,1,55,3,32,0,349746291
When You're Gone,Shawn Mendes,1,31,3,2022,2092,0,75,11,44,0,255120451
In My Head,Lil Tjay,1,1,4,2022,1185,0,21,0,31,0,190981339
LOVE DIVE,IVE,1,5,4,2022,753,8,28,124,13,0,305771063
Malvada,Zï¿½ï¿½ Fe,1,28,1,2022,601,0,28,73,64,0,154119539
Worst Day,Future,1,11,2,2022,910,0,20,3,24,0,50746620
Bussin,"Nicki Minaj, Lil Baby",2,11,2,2022,847,0,25,0,14,0,64714573
Brividi,"Mahmood, Blanco",2,2,2,2022,1175,0,34,1,31,0,135079152
Run BTS,BTS,1,10,6,2022,736,0,5,132,17,0,330881149
City of Gods,"Kanye West, Alicia Keys, Fivio Foreign",3,11,2,2022,2096,0,34,3,30,0,107255472
Cooped Up (with Roddy Ricch),"Post Malone, Roddy Ricch",2,12,5,2022,2942,0,42,28,43,0,271666301
Thousand Miles,The Kid Laroi,1,22,4,2022,2050,0,52,9,46,0,244741137
25k jacket (feat. Lil Baby),"Gunna, Lil Baby",2,7,1,2022,620,0,17,3,3,0,54937991
Crown,Kendrick Lamar,1,13,5,2022,1493,0,2,0,10,0,42485571
Auntie Diaries,Kendrick Lamar,1,13,5,2022,1545,0,1,0,4,0,37778188
PUFFIN ON ZOOTIEZ,Future,1,29,4,2022,2350,0,28,42,23,0,254218729
Mirror,Kendrick Lamar,1,13,5,2022,1929,0,2,0,4,0,53603447
Beautiful Girl,Luciano,1,22,4,2022,710,4,16,11,18,0,160035717
"Paulo Londra: Bzrp Music Sessions, Vol. 23","Bizarrap, Paulo Londra",2,25,4,2022,928,0,19,0,7,0,164163229
Savior - Interlude,Kendrick Lamar,1,13,5,2022,1194,0,0,0,3,0,37091576
Pasoori,"Shae Gill, Ali Sethi",2,6,2,2022,349,6,10,22,3,0,284249832
Mother I Sober (feat. Beth Gibbons of Portishead),"Kendrick Lamar, Beth Gibbons",2,13,5,2022,1890,0,3,0,2,0,33381454
Stefania (Kalush Orchestra),KALUSH,1,10,3,2022,555,0,10,4,4,0,53729194
TUS Lï¿½ï¿½GR,"Sech, Mora",2,1,4,2022,1308,2,23,16,9,0,184622518
I Tried to Tell Y'all,"Ugly Dray, Tesla Jnr",2,6,5,2022,1657,0,15,3,3,0,121077868
Honest (feat. Don Toliver),"Justin Bieber, Don Toliver",2,29,4,2022,1351,0,26,1,17,0,106919680
ZOOM,Jessi,1,13,4,2022,608,0,5,29,14,0,136996305
FEARLESS,LE SSERAFIM,1,2,5,2022,629,0,18,75,9,0,229497852
10 Things I Hate About You,Leah Kate,1,23,3,2022,1301,0,23,1,15,0,185550869
Polaroid Love,ENHYPEN,1,10,1,2022,461,0,10,56,17,0,211372494
Hati-Hati di Jalan,Tulus,1,3,3,2022,200,2,12,4,0,0,202677468
With you,"HA SUNG WOON, Jimin",2,24,4,2022,343,2,4,35,11,1,240580042
The Heart Part 5,Kendrick Lamar,1,8,5,2022,2939,0,29,0,30,0,71423324
This Love (Taylorï¿½ï¿½ï¿½s Ve,Taylor Swift,1,6,5,2022,1492,0,26,2,15,0,132171975
Yet To Come,BTS,1,10,6,2022,829,0,32,110,26,0,302006641
Where Did You Go?,"MNEK, Jax Jones",2,26,1,2022,4531,0,135,74,119,1,300983101
SUPERMODEL,Mï¿½ï¿½ne,1,13,5,2022,2265,0,93,12,173,11,231657891
Rich - Interlude,Kendrick Lamar,1,13,5,2022,1103,0,0,0,0,0,41210087
In The Stars,Benson Boone,1,29,4,2022,2224,8,48,40,87,1,382199619
Me Fui de Vacaciones,Bad Bunny,1,6,5,2022,1443,0,9,11,22,1,305650299
Silent Hill,"Kendrick Lamar, Kodak Black",2,13,5,2022,3028,0,22,0,23,0,123216717
La Corriente,"Tony Dize, Bad Bunny",2,6,5,2022,1796,8,8,25,18,1,479655659
The Joker And The Queen (feat. Taylor Swift),"Ed Sheeran, Taylor Swift",2,11,2,2022,1430,0,46,1,34,0,146789379
Count Me Out,Kendrick Lamar,1,13,5,2022,2729,0,3,7,13,0,126191104
Boyfriend,Dove Cameron,1,11,2,2022,3766,0,76,0,102,0,496311364
Andrea,"Buscabulla, Bad Bunny",2,6,5,2022,1195,0,8,30,13,1,344055883
Stay Alive (Prod. SUGA of BTS),Jung Kook,1,11,2,2022,590,5,4,113,20,0,246376690
Dos Mil 16,Bad Bunny,1,6,5,2022,892,3,10,24,11,0,338422004
We Cry Together,"Kendrick Lamar, Taylour Paige",2,13,5,2022,1635,0,4,1,6,0,68895644
Savior,"Kendrick Lamar, Sam Dew, Baby Keem",3,13,5,2022,2291,0,9,0,8,0,86176890
Un Coco,Bad Bunny,1,6,5,2022,1029,28,5,28,9,0,403231558
MAMIII,"Karol G, Becky G",2,10,2,2022,6809,28,151,102,175,5,716591492
Otro Atardecer,"Bad Bunny, The Marï¿½ï",2,6,5,2022,1681,7,10,30,13,0,319546754
Worldwide Steppers,Kendrick Lamar,1,13,5,2022,1480,0,1,0,5,0,61739839
Aguacero,Bad Bunny,1,6,5,2022,829,0,4,15,10,0,283359161
Purple Hearts,"Kendrick Lamar, Ghostface Killah, Summer Walker",3,13,5,2022,2308,0,7,0,7,0,76831876
Un Verano Sin Ti,Bad Bunny,1,6,5,2022,1004,1,8,12,9,0,283332261
ULTRA SOLO,"Polima WestCoast, Pailita",2,14,2,2022,1367,0,48,4,34,1,307752576
Ensï¿½ï¿½ï¿½ï¿½ame ,Bad Bunny,1,6,5,2022,1112,3,7,25,12,0,279737940
El Apagï¿½,Bad Bunny,1,6,5,2022,1209,0,9,7,14,0,212351890
Dua Lipa,Jack Harlow,1,6,5,2022,1992,0,35,0,3,0,150500965
Agosto,Bad Bunny,1,6,5,2022,897,0,6,20,8,0,246127838
Mr. Morale,"Kendrick Lamar, Tanna Leone",2,13,5,2022,1860,0,1,0,3,0,58687425
That That (prod. & feat. SUGA of BTS),"PSY, Suga",2,29,4,2022,802,0,16,81,23,0,212109195
Light Switch,Charlie Puth,1,19,1,2022,4049,0,119,6,85,1,500340342
RUMBATï¿½,Daddy Yankee,1,25,3,2022,1264,0,20,4,52,0,157990698
Alone,Burna Boy,1,4,11,2022,782,2,27,18,32,1,96007391
thought i was playing,"21 Savage, Gunna",2,7,1,2022,807,0,3,0,5,0,60680939
LA INOCENTE,"Feid, Mora",2,1,4,2022,2598,37,28,57,43,8,477033549
You Proof,Morgan Wallen,1,13,5,2022,2128,9,37,88,9,0,367814306
Midnight Rain,Taylor Swift,1,21,10,2022,2612,4,19,29,21,0,433356509
Something in the Orange,Zach Bryan,1,22,4,2022,3282,12,67,84,46,16,449701773
Leï¿½,Marï¿½ï¿½lia Mendo,1,9,12,2022,993,4,30,84,88,1,267789608
Late Night Talking,Harry Styles,1,20,5,2022,7461,8,166,42,199,16,743693613
Creepin',"The Weeknd, 21 Savage, Metro Boomin",3,2,12,2022,6036,88,113,149,245,23,843957510
10:35,"Tiï¿½ï¿½sto, Tate M",2,1,11,2022,4942,26,190,104,147,18,325592432
Anti-Hero,Taylor Swift,1,21,10,2022,9082,56,242,142,165,9,999748277
I'm Good (Blue),"Bebe Rexha, David Guetta",2,26,8,2022,12482,80,291,184,537,45,1109433169
Gato de Noche,"Nengo Flow, Bad Bunny",2,22,12,2022,2651,30,21,55,32,3,304118600
Shut Down,BLACKPINK,1,16,9,2022,1524,17,53,120,62,0,482175240
I Ain't Worried,OneRepublic,1,13,5,2022,8431,76,241,127,458,37,1085685420
En Paris,"El Chachito, Junior H",2,24,12,2022,406,5,3,31,2,1,198275403
Punto G,Quevedo,1,4,11,2022,1985,35,34,26,37,5,381161027
No Se Va,Grupo Frontera,1,28,4,2022,924,18,17,80,22,9,404887295
Made You Look,Meghan Trainor,1,21,10,2022,3956,6,142,23,127,3,502574952
DESPECHï¿,ROSALï¿½,1,28,7,2022,7613,33,180,90,422,15,782369383
Komang,Raim Laode,1,16,8,2022,158,4,5,6,1,1,137123880
Malas Decisiones,Kenia OS,1,26,10,2022,542,2,23,2,21,0,156214700
Murder In My Mind,Kordhell,1,21,1,2022,2459,20,20,68,50,0,448843705
CAIRO,"Karol G, Ovy On The Drums",2,13,11,2022,2418,26,52,66,55,1,294352144
Calm Down (with Selena Gomez),"Rï¿½ï¿½ma, Selena G",2,25,3,2022,7112,77,202,119,318,38,899183384
Neverita,Bad Bunny,1,6,5,2022,2590,30,20,64,35,6,671365962
I Like You (A Happier Song) (with Doja Cat),"Post Malone, Doja Cat",2,3,6,2022,5281,14,94,21,80,15,609293408
Lovezinho,Treyce,1,28,7,2022,242,0,12,2,13,0,70069745
Zona De Perigo,Leo Santana,1,8,12,2022,531,4,20,1,71,2,134294498
Thought You Should Know,Morgan Wallen,1,6,5,2022,968,4,16,53,1,0,203221468
Monotonï¿½,"Ozuna, Shakira",2,19,10,2022,3645,15,118,34,150,4,380726517
Hype Boy,NewJeans,1,1,8,2022,892,17,20,119,12,2,363472647
Nobody Gets Me,SZA,1,9,12,2022,2536,6,59,100,58,13,284908316
Kahani Suno 2.0,Kaifi Khalil,1,31,5,2022,162,6,1,10,1,0,156777415
Igualito a Mi Apï¿,"Fuerza Regida, Peso Pluma",2,30,12,2022,265,6,8,84,5,1,158950978
As It Was,Harry Styles,1,31,3,2022,23575,130,403,198,863,46,2513188493
PLAYA DEL INGLï¿½,"Myke Towers, Quevedo",2,15,12,2022,1701,15,30,15,34,2,221409663
SPIT IN MY FACE!,ThxSoMch,1,31,10,2022,629,14,32,3,9,0,303216294
"Apna Bana Le (From ""Bhediya"")","Arijit Singh, Sachin-Jigar",2,5,11,2022,86,0,11,101,0,0,139836056
LET GO,Central Cee,1,15,12,2022,2301,20,49,23,110,0,298063749
Miss You,"Robin Schulz, Oliver Tree",2,5,8,2022,5730,10,108,16,197,3,497225336
One Thing At A Time,Morgan Wallen,1,2,12,2022,811,4,11,58,5,0,148469433
Low,SZA,1,9,12,2022,1911,0,23,71,14,0,272377463
LOKERA,"Brray, Rauw Alejandro, Lyanno",3,25,7,2022,3301,30,72,64,64,6,471819764
Marisola - Remix,"Duki, NICKI NICOLE, Cris Mj, Standly, Stars Music Chile",5,15,12,2022,1845,16,20,8,30,2,223582566
Kill Bill,SZA,1,8,12,2022,8109,77,183,162,161,12,1163093654
PROVENZA,Karol G,1,21,4,2022,6587,34,114,104,147,11,885093467
Slut Me Out,NLE Choppa,1,22,4,2022,816,4,21,4,13,0,190490915
La Bachata,Manuel Turizo,1,26,5,2022,6804,45,139,111,161,15,1214083358
CHORRITO PA LAS ANIMAS,Feid,1,2,12,2022,2321,36,29,65,34,5,345031710
Superhero (Heroes & Villains) [with Future & Chris Brown],"Future, Chris Brown, Metro Boomin",3,2,12,2022,2959,16,41,69,38,0,401036314
Snooze,SZA,1,9,12,2022,2839,25,58,156,42,1,399686758
La Jumpa,"Arcangel, Bad Bunny",2,30,11,2022,3794,34,47,77,53,10,538115192
Escapism.,"RAYE, 070 Shake",2,12,10,2022,5129,25,116,84,114,18,532336353
Too Many Nights (feat. Don Toliver & with Future),"Future, Metro Boomin, Don Toliver",3,2,12,2022,2110,58,17,119,19,2,286400165
Obsessed,"Abhijay Sharma, Riar Saab",2,29,9,2022,161,6,10,79,2,0,71007139
Primera Cita,Carin Leon,1,20,4,2022,266,27,6,40,6,6,77309611
Tak Segampang Itu,Anggi Marito,1,2,12,2022,213,6,7,6,0,0,179659294
Ch y la Pizza,"Fuerza Regida, Natanael Cano",2,1,12,2022,536,10,10,72,8,3,288101651
AMG,"Natanael Cano, Gabito Ballesteros, Peso Pluma",3,24,11,2022,995,19,12,117,9,5,463564958
Ditto,NewJeans,1,19,12,2022,1154,22,28,125,11,1,397582059
Que Vuelvas,"Carin Leon, Grupo Frontera",2,9,12,2022,763,26,21,110,21,9,2762
Feliz Cumpleaï¿½ï¿½os Fe,Feid,1,19,8,2022,3430,38,45,69,52,4,601863821
Titi Me Preguntï¿,Bad Bunny,1,6,5,2022,9037,42,124,133,139,14,1264310836
Bebe Dame,"Fuerza Regida, Grupo Frontera",2,16,12,2022,849,22,27,129,21,7,367316268
SNAP,Rosa Linn,1,19,3,2022,3202,18,148,80,226,24,726307468
Jimmy Cooks (feat. 21 Savage),"Drake, 21 Savage",2,17,6,2022,5871,27,81,121,58,1,618885532
Trance (with Travis Scott & Young Thug),"Travis Scott, Young Thug, Metro Boomin",3,2,12,2022,1682,46,24,90,30,1,276259178
Romantic Homicide,d4vd,1,20,7,2022,2335,23,82,55,50,0,681583126
Nonsense,Sabrina Carpenter,1,15,7,2022,2346,27,69,12,38,8,342897938
Vista Al Mar,Quevedo,1,8,9,2022,1769,34,16,19,21,3,362361576
Players,Coi Leray,1,30,11,2022,4096,6,118,48,143,0,335074782
Me Porto Bonito,"Chencho Corleone, Bad Bunny",2,6,5,2022,8870,43,104,120,141,26,1440757818
ceilings,Lizzy McAlpine,1,8,4,2022,3242,9,67,55,48,0,293186992
Miserable Man,David Kushner,1,7,1,2022,788,0,13,0,32,1,124407432
Left and Right (Feat. Jung Kook of BTS),"Charlie Puth, BTS, Jung Kook",3,24,6,2022,3107,39,38,0,4,0,720434240
Hey Mor,"Ozuna, Feid",2,6,10,2022,4637,38,63,79,89,11,674072710
Karma,Taylor Swift,1,21,10,2022,3818,23,37,55,32,0,404562836
People,Libianca,1,2,12,2022,3506,56,105,64,169,8,373199958
Glimpse of Us,Joji,1,10,6,2022,6330,6,109,42,158,3,988515741
MERCHO,"Migrantes, LiL CaKe, Nico Valdi",3,16,12,2022,1267,20,41,22,56,4,231332117
golden hour,JVKE,1,15,7,2022,4511,36,70,58,109,18,751134527
Normal,Feid,1,8,7,2022,2461,36,47,66,45,5,459276435
"Quevedo: Bzrp Music Sessions, Vol. 52","Bizarrap, Quevedo",2,6,7,2022,8506,45,94,65,164,14,1356565093
Just Wanna Rock,Lil Uzi Vert,1,17,10,2022,3995,13,72,27,47,0,457184829
Here With Me,d4vd,1,17,7,2022,3246,23,94,85,68,1,635412045
Unholy (feat. Kim Petras),"Sam Smith, Kim Petras",2,22,9,2022,8576,42,216,108,331,26,1230675890
Efecto,Bad Bunny,1,6,5,2022,4004,33,34,65,43,6,1047480053
Yandel 150,"Yandel, Feid",2,20,12,2022,3618,38,47,74,80,14,585695368
Lavender Haze,Taylor Swift,1,21,10,2022,3763,8,51,43,38,10,488386797
Until I Found You (with Em Beihold) - Em Beihold Version,"Em Beihold, Stephen Sanchez",2,22,4,2022,2790,30,60,96,71,0,600976848
CUFF IT,Beyoncï¿,1,29,7,2022,7842,10,215,88,330,26,595900742
Bad Habit,Steve Lacy,1,29,6,2022,8186,12,155,72,131,16,822633917
Rich Flex,"Drake, 21 Savage",2,4,11,2022,4657,18,84,84,42,0,573633020
Sem Alianï¿½ï¿½a no ,"MC Xenon, Os Gemeos da Putaria",2,23,12,2022,454,4,6,1,21,0,93587665
Ojitos Lindos,"Bomba Estï¿½ï¿½reo, Bad B",2,6,5,2022,6135,38,71,113,99,13,1133865788
Quï¿½ï¿½ Ago,"Yuridia, Angela Aguilar",2,20,10,2022,660,15,19,59,18,5,236857112
GATï¿½ï¿½,"Maldy, Karol G",2,25,8,2022,3328,13,39,50,57,3,322336177
"Kesariya (From ""Brahmastra"")","Pritam, Arijit Singh, Amitabh Bhattacharya",3,17,7,2022,292,6,26,98,4,0,366599607
Sacrifice,The Weeknd,1,7,1,2022,4440,0,81,77,133,0,326792833
"You're On Your Own, Kid",Taylor Swift,1,21,10,2022,2537,2,8,18,20,0,348647203
Is There Someone Else?,The Weeknd,1,7,1,2022,2881,6,13,89,34,0,391251368
Ferrari,"James Hype, Miggy Dela Rosa",2,14,3,2022,7758,28,173,79,175,0,462791599
Shut up My Moms Calling - (Sped Up),Hotel Ugly,1,14,9,2022,713,7,2,4,6,0,181831132
Evergreen (You Didnï¿½ï¿½ï¿½t Deserve Me A,Omar Apollo,1,8,4,2022,2499,0,70,0,49,0,227918678
Fingers Crossed,"Lauren Spencer Smith, Lauren Spencer Smith, Lauren Spencer Smith",3,5,1,2022,2235,0,65,7,70,16,349585590
KICK BACK,Kenshi Yonezu,1,12,10,2022,574,4,38,101,26,0,210038833
WORTH NOTHING,"Twisted, Oliver Tree",2,28,9,2022,1612,0,34,54,34,0,213438580
Out of Time,The Weeknd,1,7,1,2022,3711,0,49,88,62,0,339659802
Limbo,Freddie Dredd,1,11,8,2022,688,0,14,1,17,0,199386237
Super Freaky Girl,Nicki Minaj,1,12,8,2022,4827,0,104,17,76,9,428685680
Niagara Falls (Foot or 2) [with Travis Scott & 21 Savage],"Travis Scott, 21 Savage, Metro Boomin",3,2,12,2022,1602,0,12,22,12,0,195516622
Rumble,"Skrillex, Flowdan, Fred again..",3,17,1,2022,2849,0,39,45,27,0,78489819
Gatita,Bellakath,1,3,10,2022,1054,0,9,0,15,0,168684524
How Do I Make You Love Me?,The Weeknd,1,7,1,2022,1915,0,7,47,15,0,119238316
Tarot,"Bad Bunny, Jhay Cortez",2,6,5,2022,2482,20,27,77,22,2,608228647
Less Than Zero,The Weeknd,1,7,1,2022,2800,0,18,77,61,0,200660871
Doja,Central Cee,1,20,7,2022,4169,44,57,44,183,1,482257456
Seek & Destroy,SZA,1,9,12,2022,1007,0,5,31,1,0,98709329
Die For You,Joji,1,4,11,2022,1703,0,38,45,36,16,246390068
Love Language,SZA,1,9,12,2022,1127,0,16,63,8,0,110849052
On Time (with John Legend),"John Legend, Metro Boomin",2,2,12,2022,398,0,2,2,6,0,78139948
Too Late,SZA,1,8,12,2022,714,0,0,9,2,0,49262961
Tubarï¿½ï¿½o Te,"Dj LK da Escï¿½ï¿½cia, Tchakabum, mc jhenny, M",4,28,9,2022,1003,0,21,0,44,0,116144341
Maroon,Taylor Swift,1,21,10,2022,2304,0,12,16,14,0,317726339
Snow On The Beach (feat. Lana Del Rey),"Taylor Swift, Lana Del Rey",2,21,10,2022,2415,0,33,57,30,0,323437194
Conceited,SZA,1,9,12,2022,899,0,2,14,2,0,56870689
Smoking on my Ex Pack,SZA,1,9,12,2022,811,0,6,11,3,0,57144458
SPIT IN MY FACE!,ThxSoMch,1,31,10,2022,573,0,1,0,18,0,301869854
Raindrops (Insane) [with Travis Scott],"Travis Scott, Metro Boomin",2,2,12,2022,880,0,3,7,10,0,110649992
Wild Flower (with youjeen),RM,1,2,12,2022,353,2,2,74,14,0,135611421
Antidepresan,"Mabel Matiz, Mert Demir",2,4,11,2022,313,2,10,6,7,1,136689549
En La De Ella,"Feid, Sech, Jhayco",3,20,10,2022,1320,0,29,26,17,0,133895612
Party,"Bad Bunny, Rauw Alejandro",2,6,5,2022,3185,4,38,64,37,3,614555082
Notice Me,SZA,1,9,12,2022,819,0,14,22,0,0,62019074
F2F,SZA,1,9,12,2022,989,0,5,9,1,0,67540165
Gone Girl,SZA,1,9,12,2022,892,0,3,17,2,0,65362788
Open Arms (feat. Travis Scott),"SZA, Travis Scott",2,8,12,2022,1420,4,13,87,17,0,155653938
SOS,SZA,1,9,12,2022,827,0,6,18,1,0,73981293
Far,SZA,1,9,12,2022,680,0,2,15,1,0,51641685
Special,SZA,1,9,12,2022,906,0,6,21,3,0,88092256
Ghost in the Machine (feat. Phoebe Bridgers),"SZA, Phoebe Bridgers",2,9,12,2022,1634,0,16,20,4,0,110073250
Used (feat. Don Toliver),"SZA, Don Toliver",2,8,12,2022,1042,0,7,29,3,0,94005786
Bombonzinho - Ao Vivo,"Israel & Rodolffo, Ana Castela",2,3,11,2022,1254,6,26,69,73,2,263453310
Blind,SZA,1,9,12,2022,1484,0,22,51,12,0,163284000
Gasoline,The Weeknd,1,7,1,2022,2297,0,11,29,14,0,116903579
Donï¿½ï¿½ï¿½t Break My,The Weeknd,1,7,1,2022,1184,0,1,5,6,0,63803529
I Heard You're Married (feat. Lil Wayne),"The Weeknd, Lil Wayne",2,7,1,2022,1178,0,9,10,9,0,91656026
Dawn FM,The Weeknd,1,7,1,2022,811,0,1,8,6,0,53933526
Starry Eyes,The Weeknd,1,7,1,2022,1014,0,1,17,11,0,74601456
"Here We Goï¿½ï¿½ï¿½ Again (feat. Tyler, the Cr","The Weeknd, Tyler, The Creator",3,7,1,2022,1420,0,7,18,7,0,88103848
Entre Nosotros (Remix) [con Nicki Nicole],"Lit Killah, Maria Becerra, Tiago pzk, NICKI NICOLE",4,5,1,2022,759,3,32,0,12,0,236940480
STAR WALKIN' (League of Legends Worlds Anthem),Lil Nas X,1,22,9,2022,2616,0,113,17,208,0,332506354
A Tale By Quincy,The Weeknd,1,7,1,2022,733,0,0,2,2,0,41924466
Lift Me Up - From Black Panther: Wakanda Forever - Music From and Inspired By,Rihanna,1,28,10,2022,3311,0,129,31,212,1,297328960
Shirt,SZA,1,28,10,2022,3469,0,71,95,31,0,309653982
Boy's a liar,PinkPantheress,1,30,11,2022,1225,0,27,0,28,13,156338624
ANTIFRAGILE,LE SSERAFIM,1,17,10,2022,761,12,23,95,11,0,301051721
Every Angel is Terrifying,The Weeknd,1,7,1,2022,715,0,0,1,2,0,37307967
Lï¿½ï¿½ï¿,Stromae,1,9,1,2022,2035,0,41,122,394,0,108809090
pushin P (feat. Young Thug),"Young Thug, Future, Gunna",3,7,1,2022,3517,0,54,28,43,0,311395144
Moscow Mule,Bad Bunny,1,6,5,2022,4572,33,74,113,85,9,909001996
Maan Meri Jaan,King,1,12,10,2022,288,6,11,80,1,0,319566866
Besos Moja2,"Wisin & Yandel, ROSALï¿½",2,29,9,2022,2460,13,53,7,56,3,309483971
Phantom Regret by Jim,The Weeknd,1,7,1,2022,768,0,1,1,3,0,31959571
About Damn Time,Lizzo,1,15,7,2022,2332,2,0,0,25,0,723894473
Calm Down,Rï¿½ï,1,9,2,2022,4013,10,107,44,750,22,445763624
Jhoome Jo Pathaan,"Arijit Singh, Vishal Dadlani, Sukriti Kakar, Vishal-Shekhar, Shekhar Ravjiani, Kumaar",6,22,12,2022,138,4,13,78,2,0,1365184
Bejeweled,Taylor Swift,1,21,10,2022,2699,0,39,35,22,2,328207708
Evoque Prata,"DJ Escobar, MC MENOR SG, MC MENOR HR",3,9,9,2022,852,0,14,1,50,0,174006928
Eu Gosto Assim - Ao Vivo,"Gustavo Mioto, Mari Fernandez",2,16,9,2022,1473,4,27,64,66,1,222612678
Escapism. - Sped Up,"RAYE, 070 Shake",2,25,11,2022,1368,0,12,1,11,0,184308753
Dreamers [Music from the FIFA World Cup Qatar 2022 Official Soundtrack],"BTS, Jung Kook, FIFA Sound",3,20,11,2022,889,20,11,78,35,0,323358833
Te Felicito,"Shakira, Rauw Alejandro",2,21,4,2022,4796,9,124,66,212,13,606361689
Best Friends,The Weeknd,1,7,1,2022,1292,0,3,18,14,0,101114984
TV,Billie Eilish,1,21,7,2022,3009,2,68,89,65,0,338564981
How Do I Say Goodbye,Dean Lewis,1,5,8,2022,2163,15,72,97,58,0,284785823
"Besharam Rang (From ""Pathaan"")","Vishal-Shekhar, Shilpa Rao, Caralisa Monteiro, Kumaar, Vishal Dadlani, Shekhar Ravjiani",6,12,12,2022,130,4,21,79,2,0,140187018
Pink Venom,BLACKPINK,1,19,8,2022,1963,16,57,119,77,1,551305895
WAIT FOR U (feat. Drake & Tems),"Drake, Future, Tems",3,27,4,2022,5491,14,128,84,75,0,556585270
PUNTO 40,"Baby Rasta, Rauw Alejandro",2,22,9,2022,3006,12,54,32,66,2,304079786
Mine (Taylor's Version),Taylor Swift,1,7,7,2023,99,15,21,52,6,1,36912123
"Tere Vaaste (From ""Zara Hatke Zara Bachke"")","Sachin-Jigar, Shadab Faridi, Altamash Faridi, Amitabh Bhattacharya, Varun Jain",5,22,5,2023,182,8,3,88,1,0,54225632
Chemical,Post Malone,1,14,4,2023,2528,39,56,91,59,3,172825906
Say Yes To Heaven,Lana Del Rey,1,17,3,2023,2000,46,49,105,63,1,127567540
Tattoo,Loreen,1,25,2,2023,2988,59,74,102,145,18,201660859
Fast Car,Luke Combs,1,24,3,2023,1446,12,57,97,35,0,157058870
Novo Balanï¿½,"Veigh, Bvga Beatz, Supernova Ent, Prod Malax",4,19,5,2023,283,7,6,9,26,1,81102253
New Jeans,NewJeans,1,7,7,2023,77,35,8,166,4,4,29562220
"Calling (Spider-Man: Across the Spider-Verse) (Metro Boomin & Swae Lee, NAV, feat. A Boogie Wit da Hoodie)","Swae Lee, A Boogie Wit da Hoodie, Metro Boomin, NAV",4,2,6,2023,1051,16,31,37,31,0,109276132
What It Is (Solo Version),Doechii,1,17,3,2023,804,25,29,76,24,0,95131998
OMG,NewJeans,1,2,1,2023,1783,27,26,124,15,1,430977451
Rara Vez,"Taiu, Milo j",2,8,2,2023,893,38,19,23,24,3,248088961
Miracle (with Ellie Goulding),"Calvin Harris, Ellie Goulding",2,10,3,2023,5120,48,161,115,246,9,211050784
Coco Chanel,"Bad Bunny, Eladio Carrion",2,17,3,2023,1962,38,28,89,29,5,250305248
Take Two,BTS,1,9,6,2023,674,47,20,106,25,4,118482347
Queencard,(G)I-DLE,1,15,5,2023,451,33,10,126,7,0,96273746
"Rauw Alejandro: Bzrp Music Sessions, Vol. 56","Rauw Alejandro, Bizarrap",2,21,6,2023,871,32,25,59,32,5,66902503
VAGABUNDO,"Sebastian Yatra, Manuel Turizo, Beï¿½ï",3,12,5,2023,1094,34,40,58,47,8,90839753
All My Life (feat. J. Cole),"J. Cole, Lil Durk",2,12,5,2023,2175,23,69,145,69,2,144565150
LUNA,"Junior H, Peso Pluma",2,22,6,2023,201,11,19,117,8,1,55842345
"Shakira: Bzrp Music Sessions, Vol. 53","Shakira, Bizarrap",2,11,1,2023,5724,44,119,108,254,29,721975598
LAGUNAS,"Jasiel Nuï¿½ï¿½ez, Peso P",2,22,6,2023,58,18,2,106,4,2,39058561
S91,Karol G,1,14,7,2023,525,41,34,115,39,6,16011326
Back To December (Taylor's Version),Taylor Swift,1,7,7,2023,139,17,16,72,5,0,39228929
LALA,Myke Towers,1,23,3,2023,1474,48,48,126,58,14,133716286
vampire,Olivia Rodrigo,1,30,6,2023,1397,113,94,207,91,14,140003974
"Gol Bolinha, Gol Quadrado 2","Mc Pedrinho, DJ 900",2,1,6,2023,293,8,5,2,30,2,11956641
Popular (with Playboi Carti & Madonna) - The Idol Vol. 1 (Music from the HBO Original Series),"The Weeknd, Madonna, Playboi Carti",3,2,6,2023,1945,87,74,182,87,14,115364561
"Peso Pluma: Bzrp Music Sessions, Vol. 55","Bizarrap, Peso Pluma",2,31,5,2023,1313,40,17,152,32,11,200647221
I Can See You (Taylorï¿½ï¿½ï¿½s Version) (From The ,Taylor Swift,1,7,7,2023,516,38,73,119,42,1,52135248
LADY GAGA,"Gabito Ballesteros, Junior H, Peso Pluma",3,22,6,2023,332,26,11,163,10,4,86444842
Like Crazy,Jimin,1,24,3,2023,596,68,8,104,23,2,363369738
Classy 101,"Feid, Young Miko",2,31,3,2023,2610,40,43,100,54,14,335222234
"What Was I Made For? [From The Motion Picture ""Barbie""]",Billie Eilish,1,13,7,2023,873,104,80,227,95,24,30546883
Cupid - Twin Ver.,Fifty Fifty,1,24,2,2023,2942,77,91,212,78,6,496795686
WHERE SHE GOES,Bad Bunny,1,18,5,2023,3133,50,84,133,87,15,303236322
Sprinter,"Dave, Central Cee",2,1,6,2023,2186,91,67,213,88,17,183706234
Ella Baila Sola,"Eslabon Armado, Peso Pluma",2,16,3,2023,3090,50,34,222,43,13,725980112
Daylight,David Kushner,1,14,4,2023,3528,98,80,156,182,24,387570742
Columbia,Quevedo,1,7,7,2023,714,43,25,89,30,13,58149378
fukumean,Gunna,1,15,5,2023,1096,83,60,210,48,11,95217315
Flowers,Miley Cyrus,1,12,1,2023,12211,115,300,215,745,58,1316855716
Super Shy,NewJeans,1,7,7,2023,422,55,37,202,21,5,58255150
La Bebe - Remix,"Peso Pluma, Yng Lvcas",2,17,3,2023,2953,44,49,110,66,13,553634067
un x100to,"Bad Bunny, Grupo Frontera",2,17,4,2023,2876,40,41,205,54,12,505671438
MOJABI GHOST,"Tainy, Bad Bunny",2,29,6,2023,859,40,35,109,41,14,61245289
El Merengue,"Marshmello, Manuel Turizo",2,3,3,2023,2114,44,80,75,110,11,223633238
Last Night,Morgan Wallen,1,31,1,2023,2420,19,52,107,15,1,429829812
Rush,Troye Sivan,1,13,7,2023,864,78,71,135,50,1,22581161
Novidade na ï¿½ï¿,"Mc Livinho, DJ Matt D",2,23,6,2023,267,9,9,6,25,2,39709092
CORAZï¿½ï¿½N VA,Maria Becerra,1,22,6,2023,370,20,12,16,18,4,43857627
BABY HELLO,"Rauw Alejandro, Bizarrap",2,23,6,2023,1004,35,42,80,58,3,54266102
Enchanted (Taylor's Version),Taylor Swift,1,7,7,2023,148,24,32,93,8,2,39578178
Overdrive,Post Malone,1,14,7,2023,410,36,36,32,31,1,14780425
BESO,"Rauw Alejandro, ROSALï¿½",2,24,3,2023,4053,50,82,121,182,12,357925728
Boy's a liar Pt. 2,"PinkPantheress, Ice Spice",2,3,2,2023,5184,41,154,84,102,14,156338624
Tï¿½ï¿,"dennis, MC Kevin o Chris",2,4,5,2023,731,15,27,17,73,4,111947664
Moonlight,Kali Uchis,1,24,2,2023,2649,42,67,79,57,1,256483385
(It Goes Like) Nanana - Edit,Peggy Gou,1,15,6,2023,2259,59,0,0,109,17,57876440
AMARGURA,Karol G,1,24,2,2023,1133,39,14,71,23,10,153372011
Baby Don't Hurt Me,"David Guetta, Anne-Marie, Coi Leray",3,6,4,2023,4277,66,145,111,213,11,177740666
El Cielo,"Feid, Myke Towers, Sky Rompiendo",3,2,6,2023,1298,38,44,64,57,10,107753850
Die For You - Remix,"Ariana Grande, The Weeknd",2,24,2,2023,3408,47,87,86,74,1,518745108
Barbie World (with Aqua) [From Barbie The Album],"Nicki Minaj, Aqua, Ice Spice",3,23,6,2023,1117,80,82,145,65,16,65156199
El Azul,"Junior H, Peso Pluma",2,10,2,2023,692,25,10,107,6,3,354495408
TQM,Fuerza Regida,1,19,5,2023,584,28,16,159,15,6,176553476
Frï¿½ï¿½gil (feat. Grupo Front,"Yahritza Y Su Esencia, Grupo Frontera",2,7,4,2023,672,34,19,108,24,9,188933502
Los del Espacio,"Big One, Duki, Lit Killah, Maria Becerra, FMK, Rusherking, Emilia, Tiago pzk",8,1,6,2023,1150,31,22,33,34,7,123122413
TQG,"Karol G, Shakira",2,23,2,2023,4284,49,115,123,184,18,618990393
TULUM,"Peso Pluma, Grupo Frontera",2,28,6,2023,266,34,20,185,13,8,52294266
Dance The Night (From Barbie The Album),Dua Lipa,1,25,5,2023,2988,101,0,0,143,38,127408954
SABOR FRESA,Fuerza Regida,1,22,6,2023,250,26,16,149,10,5,78300654
X SI VOLVEMOS,"Karol G, Romeo Santos",2,2,2,2023,2127,33,45,80,53,8,266624541
El Gordo Trae El Mando,Chino Pacas,1,27,1,2023,539,21,7,71,4,2,255932395
VOID,Melanie Martinez,1,29,3,2023,596,0,29,9,12,0,67070410
I Know - PR1SVX Edit,"Kanii, PR1ISVX",2,24,3,2023,407,0,16,15,5,0,77377503
HAPPY,NF,1,25,3,2023,660,0,22,7,11,0,52722996
SORRY NOT SORRY,"Tyler, The Creator",2,31,3,2023,709,0,8,1,13,0,58473276
DOGTOOTH,"Tyler, The Creator",2,27,3,2023,1479,0,23,0,18,0,80758350
"Arcï¿½ï¿½ngel: Bzrp Music Sessions, Vol","Arcangel, Bizarrap",2,22,3,2023,654,3,11,3,18,1,100409613
REMIX EXCLUSIVO,Feid,1,17,3,2023,1235,9,20,8,15,0,117206995
People Pt.2 (feat. IU),"IU, Agust D",2,7,4,2023,209,4,4,45,11,2,95816024
Mas Rica Que Ayer,"Mambo Kingz, DJ Luian, Anuel Aa",3,2,3,2023,1208,34,10,41,20,0,146409671
Rosa Pastel,"Jasiel Nuï¿½ï¿½ez, Peso P",2,2,2,2023,200,4,8,77,2,1,90025258
Like Crazy (English Version),Jimin,1,24,3,2023,373,19,4,72,5,0,173627354
Don't ever say love me (feat. RM of BTS),"RM, Colde",2,4,5,2023,105,0,5,9,5,0,34502215
Set Me Free Pt.2,Jimin,1,17,3,2023,340,13,4,71,16,1,168448603
Mami Chula,"Quevedo, Jhayco",2,27,4,2023,875,4,17,13,27,0,61105704
Watch This - ARIZONATEARS Pluggnb Remix,"sped up nightcore, ARIZONATEARS, Lil Uzi Vert",3,5,2,2023,1638,10,0,0,21,0,207033255
Shoong! (feat. LISA of BLACKPINK),"TAEYANG, Lisa",2,25,4,2023,351,9,16,90,10,0,76910644
Di Que Si,"Grupo Marca Registrada, Grupo Frontera",2,3,2,2023,356,10,4,64,4,2,147290338
Princess Diana (with Nicki Minaj),"Nicki Minaj, Ice Spice",2,14,4,2023,1444,4,0,0,0,0,104992946
Double Fantasy (with Future),"The Weeknd, Future",2,21,4,2023,1169,0,36,65,28,0,96180277
Super,SEVENTEEN,1,24,4,2023,271,12,16,103,9,0,91221625
Shorty Party,"Cartel De Santa, La Kelly",2,4,3,2023,432,12,8,14,12,2,162887075
Dijeron Que No La Iba Lograr,"Fuerza Regida, Chino Pacas",2,14,3,2023,320,6,5,48,2,1,116334601
If We Ever Broke Up,Mae Stephens,1,10,2,2023,2040,4,81,27,66,9,165584767
Peaches (from The Super Mario Bros. Movie),Jack Black,1,7,4,2023,34,0,0,0,0,0,68216992
Tormenta (feat. Bad Bunny),"Gorillaz, Bad Bunny",2,24,2,2023,1529,0,32,18,39,2,149778242
Sugar Rush Ride,TOMORROW X TOGETHER,1,27,1,2023,359,0,12,56,13,0,107642809
Muï¿½ï¿½,"Steve Aoki, Tini, La Joaqui",3,12,1,2023,658,6,33,7,53,2,120972253
VIBE (feat. Jimin of BTS),"TAEYANG, Jimin",2,13,1,2023,415,2,15,40,21,1,152850295
TRUSTFALL,P!nk,1,27,1,2023,2098,16,88,24,101,7,134255790
I'm Not Here To Make Friends,"Sam Smith, Calvin Harris, Jessie Reyez",3,27,1,2023,1890,0,86,1,49,0,103787664
LLYLM,ROSALï¿½,1,27,1,2023,1838,0,105,41,114,1,124988687
Devil Donï¿½ï¿½ï¿½,Morgan Wallen,1,3,3,2023,166,0,2,10,0,0,32526947
Born With A Beer In My Hand,Morgan Wallen,1,3,3,2023,203,0,5,9,0,0,34450974
Love Again,The Kid Laroi,1,27,1,2023,1283,0,57,4,48,0,147538971
WANDA,Quevedo,1,20,1,2023,888,22,11,24,7,1,175399345
I AM,IVE,1,10,4,2023,366,15,16,102,7,0,123132751
ýýý98 Braves,Morgan Wallen,1,3,3,2023,282,0,6,15,0,0,56533272
Red Ruby Da Sleeze,Nicki Minaj,1,3,3,2023,1168,0,45,11,20,0,81419389
Man Made A Bar (feat. Eric Church),"Morgan Wallen, Eric Church",2,3,3,2023,329,0,14,35,1,0,58890931
I Wrote The Book,Morgan Wallen,1,31,1,2023,430,0,15,17,0,0,83021468
Sial,Mahalini,1,23,1,2023,134,4,4,6,0,0,166570053
Heaven,Niall Horan,1,17,2,2023,1553,2,61,6,48,0,144584800
Everything I Love,Morgan Wallen,1,31,1,2023,579,0,11,54,0,0,95623148
Private Landing (feat. Justin Bieber & Future),"Don Toliver, Future, Justin Bieber",3,23,2,2023,1190,0,29,3,18,0,105062254
Thinkinï¿½ï¿½ï¿½ B,Morgan Wallen,1,3,3,2023,604,6,22,101,0,0,125917280
Ainï¿½ï¿½ï¿½t Tha,Morgan Wallen,1,3,3,2023,356,4,4,20,0,0,88791109
on the street (with J. Cole),"j-hope, J. Cole",2,3,3,2023,615,2,22,82,8,0,116599790
PERO Tï¿,"Karol G, Quevedo",2,23,2,2023,387,11,11,15,14,3,93438910
Cupid,Fifty Fifty,1,24,2,2023,526,10,15,93,30,0,139681964
Never Felt So Alone,Labrinth,1,7,4,2023,1730,3,46,5,51,0,117747907
MIENTRAS ME CURO DEL CORA,Karol G,1,24,2,2023,1020,35,15,26,30,6,206399629
Piï¿½ï¿½man Deï¿,"Semicenk, Doï¿½ï¿½u ",2,2,6,2023,185,3,5,6,4,1,43522589
Abcdario,"Junior H, Eden Muï¿½ï",2,13,5,2023,262,5,8,60,4,1,89933133
Area Codes,"Kaliii, Kaliii",2,17,3,2023,1197,13,44,34,25,1,113509496
Self Love (Spider-Man: Across the Spider-Verse) (Metro Boomin & Coi Leray),"Metro Boomin, Coi Leray",2,2,6,2023,332,5,18,41,5,0,70106975
Chanel,"Becky G, Peso Pluma",2,30,3,2023,681,10,15,92,21,2,161460990
Hits Different,Taylor Swift,1,26,5,2023,547,0,15,15,6,0,68616963
S-Class,Stray Kids,1,2,6,2023,290,19,9,101,5,0,65496046
"Phir Aur Kya Chahiye (From ""Zara Hatke Zara Bachke"")","Arijit Singh, Sachin-Jigar, Amitabha Bhattacharya",3,15,5,2023,178,6,6,71,1,0,64533040
Acrï¿½ï¿½s,Shakira,1,11,5,2023,955,29,37,50,79,11,123124076
"Angel Pt 1 (feat. Jimin of BTS, JVKE & Muni Long)","Kodak Black, NLE Choppa, Muni Long, JVKE, Jimin",5,1,5,2023,577,14,22,18,15,1,133753727
FLOWER,JISOO,1,31,3,2023,839,18,20,110,20,0,232896922
"Annihilate (Spider-Man: Across the Spider-Verse) (Metro Boomin & Swae Lee, Lil Wayne, Offset)","Swae Lee, Lil Wayne, Offset, Metro Boomin",4,2,6,2023,551,4,13,46,20,1,86773632
Better Than Revenge (Taylor's Version),Taylor Swift,1,7,7,2023,86,11,3,33,3,0,30343206
Cheques,Shubh,1,19,5,2023,67,8,7,10,0,0,47956378
Fin de Semana,"Oscar Maydon, Junior H",2,13,1,2023,592,14,11,84,6,1,307370144
ýýýýýýýýýýýý,YOASOBI,1,12,4,2023,356,16,35,102,8,1,143573775
"Am I Dreaming (Metro Boomin & A$AP Rocky, Roisee)","A$AP Rocky, Metro Boomin, Roisee",3,2,6,2023,727,16,17,60,28,1,94186466
PRC,"Natanael Cano, Peso Pluma",2,23,1,2023,961,26,19,143,10,6,436027885
Un Finde | CROSSOVER #2,"Big One, FMK, Ke personajes",3,4,4,2023,561,14,4,14,12,5,142095275
Nosso Quadro,"Ana Castela, AgroPlay",2,2,2,2023,894,9,14,88,66,3,233801632
Bye,Peso Pluma,1,26,5,2023,324,14,13,110,8,2,95053634
Mi Bello Angel,Natanael Cano,1,30,6,2023,86,8,7,76,3,1,31873544
POLARIS - Remix,"Feid, Mora, Saiko, Quevedo",4,8,6,2023,773,33,20,46,21,8,57312735
QUEMA,"Sog, Ryan Castro, Peso Pluma",3,13,7,2023,437,31,17,29,26,3,11599388
"All The Way Live (Spider-Man: Across the Spider-Verse) (Metro Boomin & Future, Lil Uzi Vert)","Future, Lil Uzi Vert, Metro Boomin",3,2,6,2023,259,0,5,17,5,0,37126685
Karma (feat. Ice Spice),"Taylor Swift, Ice Spice",2,26,5,2023,588,0,23,21,31,0,46142772
Conexï¿½ï¿½es de Mï¿½ï¿½fia (feat. Rich ,"Rich The Kid, Matuï¿",2,30,4,2023,385,4,17,7,41,1,77233241
Haegeum,Agust D,1,21,4,2023,244,12,6,84,10,2,118810253
UNFORGIVEN (feat. Nile Rodgers),"Nile Rodgers, LE SSERAFIM",2,1,5,2023,327,13,14,110,9,0,92035115
Curtains,Ed Sheeran,1,5,5,2023,715,0,37,3,27,0,39893489
Mejor Que Yo,"Mambo Kingz, DJ Luian, Anuel Aa",3,4,5,2023,675,1,9,13,11,0,50847624
Oi Balde - Ao Vivo,Zï¿½ï¿½ Neto & Crist,1,14,2,2023,845,2,12,57,47,1,145458418
Danger (Spider) (Offset & JID),"Offset, JID",2,2,6,2023,214,0,3,3,6,0,24975653
Cartï¿½ï¿½o B,"MC Caverinha, KayBlack",2,11,5,2023,269,4,7,2,30,1,71573339
Cupido,Tini,1,14,2,2023,1240,24,51,29,63,4,217672943
Erro Gostoso - Ao Vivo,Simone Mendes,1,27,1,2023,984,5,8,57,76,2,153454328
Eyes Closed,Ed Sheeran,1,23,3,2023,2915,30,116,69,107,3,195576623
"Link Up (Metro Boomin & Don Toliver, Wizkid feat. BEAM & Toian) - Spider-Verse Remix (Spider-Man: Across the Spider-Verse )","WizKid, Toian, Metro Boomin, Don Toliver, Beam",5,2,6,2023,197,0,3,10,3,0,32761689
Search & Rescue,Drake,1,7,4,2023,2066,6,58,70,43,0,175097833
Niï¿½ï¿½a Bo,"Sean Paul, Feid",2,21,4,2023,1305,34,29,26,43,5,115010040
69,"Nicky Jam, Feid",2,18,5,2023,1134,22,39,14,48,2,57945987
Lilith (feat. SUGA of BTS) (Diablo IV Anthem),"Halsey, Suga",2,5,6,2023,215,6,6,14,8,2,51985779
Seu Brilho Sumiu - Ao Vivo,"Israel & Rodolffo, Mari Fernandez",2,1,3,2023,967,5,7,29,51,1,138517666
Hummingbird (Metro Boomin & James Blake),"James Blake, Metro Boomin",2,2,6,2023,277,1,1,20,5,0,39666245
Stand By Me (feat. Morgan Wallen),"Lil Durk, Morgan Wallen",2,26,5,2023,381,5,23,82,6,0,46065667
Bite Me,ENHYPEN,1,22,5,2023,349,69,8,96,5,0,76767396
Snow On The Beach (feat. More Lana Del Rey),"Lana Del Rey, Taylor Swift",2,26,5,2023,359,2,1,0,9,0,60350538
Las Morras,"BLESSD, Peso Pluma",2,4,4,2023,291,8,8,78,4,1,127026613
AMERICA HAS A PROBLEM (feat. Kendrick Lamar),"Kendrick Lamar, Beyoncï¿",2,19,5,2023,896,0,34,2,33,0,57089066
Seven (feat. Latto) (Explicit Ver.),"Latto, Jung Kook",2,14,7,2023,553,147,43,263,45,10,141381703
