ID_MATERIAL,Material,Dureza
T05CR8,> X70,HARD
T07CU8,> X70,HARD
T07MO8,> X70,HARD
T07VA8,> X70,HARD
A06CR5,AHSS,HARD
A4TCRA,AHSS,HARD
A4TMOA,AHSS,HARD
A05CRA,Complex Steel,HARD
A12TIA,Complex Steel,HARD
66427T,Heat Treatable,HARD
A23SI5,Heat Treatable,HARD
R24CR6,Heat Treatable,HARD
R33TB6,Heat Treatable,HARD
T24CR6,Heat Treatable,HARD
T25CN5,Heat Treatable,HARD
A05LA6,HSLA Duros,HARD
A07TIA,HSLA Duros,HARD
A08LA8,HSLA Duros,HARD
A44R1U,HSLA Duros,HARD
I04CU7,HSLA Duros,HARD
I23LA6,HSLA Duros,HARD
15B34,Heat Treatable,HARD
25211A,HSLA Medios,HARD
25TIBO,Heat Treatable,HARD
27120A,HSLA Medios,HARD
27211A,HSLA Duros,HARD
2721OV,HSLA Medios,HARD
540CR7,HSLA Medios,HARD
66427B,Heat Treatable,HARD
80LWSI,HSLA Duros,HARD
A06LA6,HSLA Duros,HARD
A07CR9,AHSS,HARD
A07MO9,HSLA Duros,HARD
A11MOA,Complex Steel,HARD
A13CRA,Complex Steel,HARD
A20CR6,Heat Treatable,HARD
A22CR6,Heat Treatable,HARD
A24CR6,Heat Treatable,HARD
APM011,HSLA Medios,HARD
APM60M,HSLA Medios,HARD
APM60W,HSLA Medios,HARD
APM80G,HSLA Duros,HARD
APM80M,HSLA Duros,HARD
APM80W,HSLA Duros,HARD
APMJ55,< X70,HARD
C27SIG,Heat Treatable,HARD
C331,Heat Treatable,HARD
C75ARW,Heat Treatable,HARD
HICX52,< X70,HARD
HYL45M,Heat Treatable,HARD
I07LA7,HSLA Duros,HARD
I10CRG,Martensitic Steels,HARD
I12CRG,Martensitic Steels,HARD
I16LA5,HSLA Medios,HARD
I18TI6,HSLA Medios,HARD
NV60TX,HSLA Medios,HARD
P06CU6,HSLA Medios,HARD
P07LA7,HSLA Duros,HARD
P08CU5,HSLA Medios,HARD
T05LA6,> X70,HARD
T08CR8,> X70,HARD
T08NI8,> X70,HARD
T12MC4,< X70,HARD
T16LA5,HSLA Medios,HARD
T24CR5,Heat Treatable,HARD
T25TB5,Heat Treatable,HARD
TER52M,< X70,HARD
TR5060,HSLA Medios,HARD
TR50MD,HSLA Medios,HARD
