Grado,Grupo,Dureza
Y27D5U,Ultra Bajo Carbono,SOFT
A27D3U,Ultra Bajo Carbono,SOFT
Y34B3E,Ultra Bajo Carbono,SOFT
U00TI1,Ultra Bajo Carbono,SOFT
G27D7E,Ultra Bajo Carbono,SOFT
Y22E1E,Ultra Bajo Carbono,SOFT
A27D6U,Ultra Bajo Carbono,SOFT
Y18B1E,Ultra Bajo Carbono,SOFT
A27D3E,Ultra Bajo Carbono,SOFT
U00PJ2,Ultra Bajo Carbono,SOFT
Y27D1E,Ultra Bajo Carbono,SOFT
X00PB2,Ultra Bajo Carbono,SOFT
B00BB1,Ultra Bajo Carbono,SOFT
A27D6E,Ultra Bajo Carbono,SOFT
U00PB2,Ultra Bajo Carbono,SOFT
Y27D1U,Ultra Bajo Carbono,SOFT
Y27D5E,Ultra Bajo Carbono,SOFT
B00BB3,Ultra Bajo Carbono,SOFT
G34B1U,Ultra Bajo Carbono,SOFT
B00BB2,Ultra Bajo Carbono,SOFT
G34B1E,Ultra Bajo Carbono,SOFT
Y27D4U,Ultra Bajo Carbono,SOFT
Y18B1U,Ultra Bajo Carbono,SOFT
I00PT2,Ultra Bajo Carbono,SOFT
B00TI3,Ultra Bajo Carbono,SOFT
G34B2U,Ultra Bajo Carbono,SOFT
U00TI2,Ultra Bajo Carbono,SOFT
A05TI3,HSLA Suaves,SOFT
C08TI5,HSLA Suaves,SOFT
Y22C1U,HSLA Suaves,SOFT
A05LA4,HSLA Suaves,SOFT
A06LA5,HSLA Suaves,SOFT
A08BC3,Grados Comerciales Suaves,SOFT
C091AL,Grados Comerciales Suaves,SOFT
C091AW,Grados Comerciales Suaves,SOFT
C06REF,Grados Comerciales Suaves,SOFT
C091TM,Grados Comerciales Suaves,SOFT
TR0891,Grados Comerciales Suaves,SOFT
TR7191,Grados Comerciales Suaves,SOFT
TR0691,Grados Comerciales Suaves,SOFT
C08SID,Grados Comerciales Suaves,SOFT
TR91EM,Grados Comerciales Suaves,SOFT
TR7108,Grados Comerciales Suaves,SOFT
A05BC2,Grados Comerciales Suaves,SOFT
P07CU4,Grados Comerciales Suaves,SOFT
I07BC3,Grados Comerciales Suaves,SOFT
C091TX,Grados Comerciales Suaves,SOFT
H06BC4,Grados Comerciales Suaves,SOFT
H05BC4,Grados Comerciales Suaves,SOFT
C06ESX,Grados Comerciales Suaves,SOFT
C071TM,Grados Comerciales Suaves,SOFT
TR71DD,Grados Comerciales Suaves,SOFT
TR0608,Grados Comerciales Suaves,SOFT
TR06ES,Grados Comerciales Suaves,SOFT
TR0671,Grados Comerciales Suaves,SOFT
06BTEP,Grados Comerciales Suaves,SOFT
06BTEW,Grados Comerciales Suaves,SOFT
C06DDQ,Grados Comerciales Suaves,SOFT
C06EXP,Grados Comerciales Suaves,SOFT
C06ESM,Grados Comerciales Suaves,SOFT
TR06DQ,Grados Comerciales Suaves,SOFT
C06BTH,Grados Comerciales Suaves,SOFT
H08BC3,Grados Comerciales Suaves,SOFT
H08NI3,Grados Comerciales Suaves,SOFT
I02BC4,Grados Comerciales Suaves,SOFT
C071TX,Grados Comerciales Suaves,SOFT
C08BC4,Grados Comerciales Suaves,SOFT
C05BC3,Grados Comerciales Suaves,SOFT
G00BB1,IF GA,SOFT
G00BB2,IF GA,SOFT
G00BB3,IF GA,SOFT
G00TI2,IF GA,SOFT
G01PB4,IF GA,SOFT
G01TI3,IF GA,SOFT
G00BB0,IF GA,SOFT
G00TI1,IF GA,SOFT
G00TI3,IF GA,SOFT
I00RS2,Ultra Bajo Carbono,SOFT
BKH180,Ultra Bajo Carbono,SOFT
TER180,Ultra Bajo Carbono,SOFT
UBCOV,Ultra Bajo Carbono,SOFT
UBCIMS,Ultra Bajo Carbono,SOFT
UBCTIS,Ultra Bajo Carbono,SOFT
UBCTEN,Ultra Bajo Carbono,SOFT
A00PB2,Ultra Bajo Carbono,SOFT
A01PB3,Ultra Bajo Carbono,SOFT
BH180T,Ultra Bajo Carbono,SOFT
X00TI0,Ultra Bajo Carbono,SOFT
X00TI1,Ultra Bajo Carbono,SOFT
X00TI2,Ultra Bajo Carbono,SOFT
UBCNU,Ultra Bajo Carbono,SOFT
X00TJ2,Ultra Bajo Carbono,SOFT
A00PT2,Ultra Bajo Carbono,SOFT
X00PJ2,Ultra Bajo Carbono,SOFT
